Species,Nemorimyza,Species.Attacked,Comp.1,Comp.2,Comp.3,Comp.4,Comp.5,Comp.6
A,una,A.una,-2.26791381889833,-0.922006962505115,-0.668898705251169,-1.24077279666672,-1.95986960719279,0.864400766792788
A,a,A.a,2.20501654183971,0.694665121669193,-1.34369353748917,0.662239878360739,-2.32478383570867,0.417918718462699
A,una,A.una,-0.268578675538886,1.64519522197809,-0.973786990778613,0.464465643318195,1.01528908007842,1.30644794081592
A,una,A.una,1.55286317069804,1.06142857423603,-1.86344029438344,1.03639397213933,-0.218771582088762,0.350653339664029
G,una,G.una,-0.112360473562308,-1.47201774021207,0.785923082799357,0.599473481860782,-0.159259163003172,-0.580268571194623
G,una,G.una,-0.977114770130207,-1.63328775648865,0.905184602391975,0.745777510089963,-0.00620306273432339,0.117688735131674
G,una,G.una,-2.11232897211946,-2.32927123651863,0.587005343111401,0.74583037439577,0.474925770195236,0.217399344184408
G,una,G.una,-1.36794828858503,-2.04310298426654,0.122916976444832,1.3016313079661,0.40894383134341,0.368628515515909
G,una,G.una,-0.137919819900935,-0.46353747853243,2.16060686394127,-1.11862348937775,0.782661001038689,0.837928116553567
G,una,G.una,-1.99248822556033,-3.07717143372397,-0.0216511275974213,-0.493791066613843,0.0540516927899842,1.15246863138834
G,una,G.una,-1.70299508793804,-1.4580108890802,2.22578148736116,-0.468738501434574,0.504076190529225,0.74406746560994
A,una,A.una,-1.72879102131261,0.949091647022151,-0.0460689475188731,-0.199291725245336,-1.26295237559019,-0.173925014180065
A,una,A.una,-1.41396400032787,0.635316070005339,0.0836351143571038,-0.658828573728052,-0.467781149846774,-0.503449009478471
A,una,A.una,1.18657945777115,-0.200126038124984,-0.211920510316085,0.531657809307996,-1.44490904907464,0.792457714682921
G,una,G.una,2.67529679956265,-0.665913500612741,0.255995184493073,0.130499694911641,0.0793221849611457,0.316731436519371
G,una,G.una,-0.82429146431824,0.296329038248727,-0.463342313219985,1.09977884147244,2.04612175097588,-0.311837422466595
A,una,A.una,-1.47281279547175,1.06408621738712,-0.791448820382088,1.18219269147907,-0.898762182540884,0.0459406615303099
G,una,G.una,0.674148199347093,-1.08253588556531,-0.684589185720727,-2.1966128440737,0.438372286283851,0.111581951537902
A,una,A.una,-0.617600219985927,0.683369930644331,0.159552328198838,-0.192533927840058,-0.387491203303412,0.49643094088804
A,una,A.una,-0.634212499627501,0.80202739094915,0.411239883787606,-0.537448643891288,-0.251372357015743,0.642191558500805
A,una,A.una,-3.24003901642072,0.500694108598972,-0.493694939149002,0.941427876373702,0.709345781097355,0.490015947460129
A,una,A.una,0.564565922776731,3.41194190832875,-0.209692359432678,-1.63618977596303,1.67164127592104,0.499452900779231
G,una,G.una,-0.5288288718331,-1.42669984091427,0.19908089561764,0.727593125597274,0.581208850583062,0.206823536039824
G,una,G.una,0.717645688975252,-1.25483900505358,-0.33432661645067,0.999562328118747,0.500374386428786,0.426071558862041
G,una,G.una,-0.452728314599437,-0.444977568615147,0.132665361103914,0.347427190497487,1.54014467747155,0.435589370475046
A,una,A.una,-4.38174683766866,0.533837115255031,-0.179741665876754,1.14045368147881,0.693270687901151,0.00495615992378839
A,a,A.a,-1.69647080358796,-0.0282388767103481,-0.0417359798923609,0.332188579822964,-2.22583816704126,-0.2469304716149
A,una,A.una,-0.912263188866137,0.488709228279811,-0.669432856791362,0.958154207955751,0.0243014767227766,0.974059657111104
G,una,G.una,-2.0706317061008,-6.01573035279727,-9.0278625832638,-8.84504472508908,0.130148888146518,0.668153326582239
G,una,G.una,-0.503728065080204,-0.949665913900251,0.915419104458112,-1.50426189054671,0.414881718349293,-0.443911672968463
G,una,G.una,-0.0144991755570321,-0.859581758989037,1.09654082725163,-1.71308915014387,0.427302643164219,-0.522310500422571
G,una,G.una,1.25566830508411,-1.0019570391547,0.837703279721115,0.0415688512021047,0.133461349456811,0.261643073235356
G,una,G.una,1.37213927343051,-0.0254209017855521,1.43688833750137,0.119304194582832,0.302269995510564,-0.278021739617281
G,una,G.una,-0.512220982125847,-3.15006990162736,-1.11601117661309,-0.579412375254048,-0.17085307717379,0.94146017945959
A,una,A.una,-0.320130630072993,1.60712600174862,-0.895604455744626,-0.298460360979977,0.187304254845407,-0.499590029516568
G,una,G.una,-0.902815718930816,-1.94273523875911,1.00163833028355,-0.0756333554508269,0.180580927758502,0.767751711621968
G,una,G.una,0.632309015534149,1.3074393285873,0.398280276030269,0.936992234127139,2.37342246914368,0.139023720325768
G,una,G.una,2.52127609108104,-0.630952982589232,0.424990845286763,0.283195163199267,0.0838252733503613,0.316216330820204
A,una,A.una,1.52532268366117,0.596021449880061,-0.130897047604047,-0.0205495694165584,-1.36614970466603,-0.242717498082079
G,una,G.una,-2.34775605200257,-1.11016642287027,0.985864382793564,-0.00395074154372438,0.847217365614605,-0.448470226284216
A,una,A.una,0.0954595211121004,0.170108692247178,-0.961641813235958,0.420938789519742,-0.857173287355577,-0.0182263087697041
A,una,A.una,-2.83872157817295,0.643521961824391,-0.330996938637549,0.181864664487892,1.0938675249933,1.63908497175858
G,una,G.una,0.0218052904362426,0.052550729828076,-1.18015815281017,-0.277191048100451,2.29654920107975,0.590293292270369
G,una,G.una,2.85201206013958,1.00188268214579,-1.01248861578923,1.01158156219999,1.21015119657508,-0.985287136882181
G,una,G.una,-0.669795238792545,-1.50795956137102,-0.0717890982866748,1.10899887308392,0.258798917677846,-0.90909588819413
A,una,A.una,-4.24265111763085,0.298837211869118,-0.157564764892747,1.52131489364776,0.668171836433287,0.564442020281149
G,una,G.una,-0.384913871933016,-2.09880413697866,0.118254528558767,-0.896791787124101,0.15055248756844,0.569980692165205
G,una,G.una,1.07275453047663,-1.99528570559194,-0.21684862248065,0.874628543734801,-0.32741877212838,0.246071963082728
G,a,G.a,-0.341910950541378,-0.209684778611389,-1.05661200495869,1.0066134433605,2.05606252761667,0.670219093957866
G,una,G.una,0.181403354776462,-1.19308875598979,0.47466566711862,0.20817443435503,-0.12678789485799,-0.935130514868247
G,una,G.una,-0.141309078133734,-0.230365920746711,-0.740201556893972,0.551097695318009,1.16486395661614,-1.16358544176178
G,una,G.una,0.353911334125356,-2.16556193435373,0.109436740441514,1.59995210178187,-0.40394173326447,0.342754891555487
G,una,G.una,0.507091833198947,-0.699932764759666,-1.38659349425192,1.10811129085327,1.09867932609496,0.0136829343893215
G,una,G.una,-0.213811675562746,-0.647807326930021,-0.631765160008373,0.937621408201072,1.22150441465718,-0.0652907450959499
G,una,G.una,-2.16634910489701,-0.913188379176697,1.18543447892816,-0.269341849410676,0.933551008939869,-0.491287953624663
G,a,G.a,-3.83059201479413,-2.42044126694067,0.219529765503432,1.66079976813159,1.1228685900256,0.820519524833981
A,una,A.una,-1.72264518136101,0.630211579863816,-1.28450428259716,0.413426433414595,0.759068290867302,0.903899708506224
A,una,A.una,0.156799087011908,-0.0734875102940569,-1.02321894716856,0.504559109434052,-0.77998768815063,0.787199601343266
A,una,A.una,-0.0483050277637,-0.648519890883535,-0.209536557302708,0.36916847015699,-1.49029910277694,0.557033724419576
A,una,A.una,-0.555773574671705,0.584286999045388,1.00291151567501,1.58675283943371,-0.712809634316942,0.362581280127812
A,una,A.una,2.06304370476624,1.42268836297971,-0.483006962440184,0.144164193065851,-0.432808591153868,0.766288403255484
A,una,A.una,-0.651800615243176,0.0232799495738282,-0.318896060373898,0.234630401663487,-0.577005051972919,0.926233970451808
A,una,A.una,-1.9511550354318,-0.427933990227928,-0.342990712497004,0.0822269516287099,-0.819870332563539,-0.261128482698111
A,una,A.una,2.44630145223817,0.305156607512192,-0.659281111850715,1.56376943326872,-0.232563379468447,0.309605328793947
A,una,A.una,-2.41802120463271,-1.31777138215037,0.544831303969702,0.717402164673168,-1.582265376854,0.193658328182653
A,una,A.una,-1.45120458336343,-1.0523856209377,0.150809885299641,0.673576717531378,-1.67060311670684,-0.150022290629982
A,una,A.una,-2.37313965432118,-0.977877604870233,0.845579526514021,0.213094001475993,-1.34266012474128,0.418110786183186
A,una,A.una,-0.371344032829389,1.23651599911393,-1.37246968092031,0.815751949746963,-0.636862321589423,1.33513963700325
A,una,A.una,-0.549860587343111,0.560028580377544,-1.28217362021653,1.01585613318932,-0.109384570008562,0.567097999310777
G,una,G.una,1.62267671386313,-2.07664094003607,-0.645402342951073,1.21374778667905,-0.614901624011296,-0.426338816662163
G,una,G.una,-1.68115180108114,-3.08062084588477,0.762045346059954,1.42152059612092,-0.28997159842357,1.02352338329181
G,una,G.una,-0.589196241240391,-2.08577815085042,0.265291442303705,0.531581176130641,-0.253505336081996,-0.328691952964994
A,una,A.una,-2.41827026101132,-0.280231740236082,0.614392406375045,0.275626131288908,-2.09822196390102,0.223556263841747
A,a,A.a,-2.28848305315407,0.0409162925722421,0.639929454220868,0.483688559646062,-2.12243334280503,-0.111338961536119
A,a,A.a,-1.0261037262845,0.46464600114943,-0.00336703230736847,0.369666115915706,-0.655537479105071,-0.15677471190305
G,una,G.una,-0.264809761054139,-1.19991451568814,-0.0686869608544325,0.698106412044921,0.459163918974908,-0.542640845059249
A,una,A.una,-0.416239738009331,0.995774770273218,-0.564358379266688,0.492894460449799,-1.45505665212567,0.0486274465542171
A,una,A.una,-0.509270193635873,0.0599911206977615,-0.491892056534824,0.823603622776281,-0.846017780396297,0.166362384800918
A,una,A.una,0.519024810070023,0.36591498347388,-0.515532273683192,1.02030857429097,-0.764575172100578,0.717384280069922
A,una,A.una,2.01433365057571,0.222604628932791,-0.609252951799249,1.41594719346694,-0.212032475787528,0.215472108603978
G,una,G.una,-1.17090138302494,-1.99543997391906,-0.315273050969821,-1.01101002925096,-0.129884414427434,-1.22048788561053
A,una,A.una,-1.02392863393247,-1.17472202351007,-0.649529152513615,0.276654944972503,-0.0284656571759691,0.853235388730346
A,una,A.una,1.61536137107335,-0.287826239678763,-0.871667735523664,1.133234101736,-1.70466233924455,0.47879564909834
A,a,A.a,-1.66775192089234,-0.0336334009958659,0.266063062885188,0.893020070799369,-0.586598619537138,0.958370712692155
A,a,A.a,-0.0374634819270949,0.406429776384391,0.318892702683723,0.423196995685835,-1.40971835487482,-0.556304470928905
A,una,A.una,1.12683042096354,2.18138618367224,2.61122650478847,2.86083891290649,-1.37549253148064,-0.856628270000639
G,una,G.una,2.67285974093905,-0.434606855846103,0.17844343615084,0.44280995346978,0.0534078665648526,0.150757299690002
A,una,A.una,0.217695328228423,0.107518099615858,-0.900983473160248,1.19757611139558,0.573526693712863,0.536133131421434
G,una,G.una,0.242239455838444,-2.19751338656785,-0.706298855378929,-0.106231117442246,-0.264609056318832,-0.201628535496205
A,una,A.una,0.685555857220517,0.220646132776767,-0.584918321364059,1.32025600788448,-0.793164140872817,1.10409386277337
G,una,G.una,1.33877244627025,-0.315424558171167,0.144141116977463,0.716240298494551,0.743493976899636,0.225743784702924
A,una,A.una,1.26356761150889,0.499618137317697,0.692312050112883,1.32479659610269,0.0214847950894304,0.291589708295949
A,una,A.una,1.34015987564462,-0.335765163180005,-0.0209186296097965,0.442504312878084,-0.811861030098167,-0.32935232603521
A,una,A.una,-2.83889371065796,0.951957251507836,-0.729330585481897,2.39383172030791,0.141536681531722,-1.43833399558065
A,una,A.una,-2.0264284768949,-0.813610093583654,-0.572190130169718,2.49254900310295,-0.0275674745898669,3.27540826191374
G,una,G.una,1.77200796049964,-1.37813139416337,0.058491500263479,0.812561412371374,-0.0856790749167547,0.732731900965066
G,una,G.una,0.624217806018223,-0.866724711916051,-0.158523013193617,0.642460007937043,0.658427446210946,0.288195080927784
A,una,A.una,-1.59195800240443,0.672306079718154,-0.265135441251104,0.547900061055979,-1.31157391773096,0.681661246790354
A,una,A.una,-2.54201674534681,0.531719189022752,-0.930557007918269,1.10433493032923,0.544076167451948,0.166927562186703
A,una,A.una,0.377678055152347,1.2801953481465,-1.44104986436167,1.27230744194285,0.778280240229548,1.68900077439807
A,una,A.una,-1.92820646899492,0.856420293583587,-1.11754368622773,1.63935555015605,0.451045345995281,0.00556152050788417
A,una,A.una,-0.898952868563867,0.17513128234736,-1.24264103578319,-1.11850423557155,-0.640576221602858,-0.579051149629901
A,una,A.una,-1.56594065247457,-0.605040051319236,0.20148409746781,0.677352765315515,-0.213179812970366,-0.881301558852155
A,una,A.una,-0.215414337860905,0.0388116105787287,-0.726547901265478,0.0485299359414335,-0.714031479745168,0.363537655978663
G,una,G.una,-0.230142094051374,-1.53785412233864,-0.0639668514624915,0.387761492974749,0.737901815801576,1.00735253570145
A,una,A.una,-1.20288499791276,-1.92863190860032,0.919726542686579,-0.285038655697395,0.115436304875852,0.164985189381248
G,una,G.una,0.529637851806202,-1.32427073007585,0.603194752455137,0.232821785286409,-0.176153511576592,-0.863279790116389
A,una,A.una,1.28909650112164,-0.999842842681356,-2.57302315586511,-0.778072205442876,-0.187193039977679,0.350263774289919
A,una,A.una,-2.55766997805956,-0.821139444179365,-0.211215871380109,0.741902244056594,0.543354831594142,0.0163372970543312
A,una,A.una,-2.76770659320722,-0.617805434553621,0.389809724846757,0.764119244653977,-0.776832780963414,0.268324248524682
A,una,A.una,-1.55118251864846,-0.0772732557324594,-0.305546704452968,1.05426513436024,-1.00100142772774,-0.657901110619035
A,una,A.una,0.0812696429279745,0.494869689134909,-0.97785416957657,0.274964669382227,-0.934674622619451,-0.949728243494407
G,una,G.una,0.618012856543565,-1.32663894776147,0.145217261871453,0.102348541030919,-0.0372032861204026,-0.164349152495057
A,una,A.una,-1.19893099605787,0.609604320405748,-1.58458315750165,0.45054168210851,0.687906823107378,0.897922547778
A,una,A.una,-1.34282266194758,1.48430845048356,-0.697142903485449,-0.489765325134868,1.28792581109801,1.55898913794785
G,una,G.una,0.167287433602477,-0.389011095762589,0.375400623245266,-0.0601065985012661,0.696011120100349,-1.05405111662579
G,una,G.una,1.25273641764013,0.551461741505615,0.803753295069913,-0.00378450995503435,0.911598117308227,-0.913937761276005
G,una,G.una,0.118698312291475,-3.38599510992654,-4.51231203167142,-4.34209429120125,0.0672832529251554,0.341982362249663
G,una,G.una,3.76959615438316,0.14874076207484,-0.0652643484755351,0.190723050734487,-0.00715394727864423,-0.642472113939714
A,una,A.una,-2.5390918564526,-0.327419765617809,0.339187935225965,0.885604419555255,-0.812468753057999,-0.0936960123053254
A,una,A.una,-1.142306044398,-0.245759003774675,-0.708162384314261,-0.075735232941331,-0.758376002912071,0.061698571395281
G,una,G.una,1.40556062594703,-0.665738181923382,-0.234752679629663,1.23405675804334,0.544338111913868,0.281865512921572
G,una,G.una,0.4231692632441,-0.915470755690566,-0.683150899565767,0.0245595264343107,0.582819548366791,-0.474123270179623
G,una,G.una,2.00429274658402,-0.003205521591581,-1.50296822491558,1.0235703697435,1.05498913299845,-0.584515613787553
G,una,G.una,2.76368287017844,-0.0662526713729684,-0.415363977352827,0.78378872957448,0.670620981038135,0.288598718595214
A,una,A.una,-1.22222633760599,-0.580230468918497,0.309964413763051,0.486549796556696,-1.42630795102797,0.281718827010629
A,una,A.una,-0.185130348792901,-0.554289585215789,0.209438829066967,0.290057218950127,-1.28928820128631,1.17759333106098
A,una,A.una,1.41645594904524,0.942120522398949,-0.536689537693214,0.254369459972156,-0.539402193275878,0.751480647852941
A,una,A.una,0.823495914351976,0.428354683440669,-1.09431704188107,0.339463053462346,-0.862337629343932,-0.139032351533762
G,una,G.una,2.26270684688095,-2.61822496100258,-4.98006934677272,-3.57896767029105,-0.150254934296553,-0.155431562351461
G,una,G.una,2.52344715110605,-0.566430814414048,-0.600038918019777,1.22301134574593,0.461537589781767,0.270143582209981
G,una,G.una,-0.0992539780779558,-1.30960116699661,0.989005934760029,0.34203055336094,-0.0657550269293921,-0.603426857785858
G,una,G.una,2.74191365359533,0.335766434616042,0.566935995745629,2.19236286119398,0.401425771803697,-0.622436508913438
A,una,A.una,-2.47859956653757,0.353937650509031,-0.479355667858889,0.640753585355801,-0.188817728355506,-0.78868635605033
G,una,G.una,0.384541054197665,-1.2296147150882,-0.960089906351801,0.0206321592972918,0.608766657809862,0.118778982276175
G,una,G.una,0.394991687445194,-1.66290899707868,0.557660843039986,0.0812015227886142,-0.00487413652249842,0.247074374111157
G,una,G.una,-1.10446906766972,-1.49483572140538,0.266333560520039,0.930071037510845,0.453709304139352,-0.389995178050447
A,una,A.una,-1.40126046273342,-0.556728575142563,0.537221484050723,0.183379957793636,-1.46736161770857,-0.316035429785324
G,una,G.una,-0.402539994646196,-0.12143067993845,-1.26334815877611,1.35342946341733,1.67982624819089,-0.943169962463934
A,a,A.a,-3.04796098179832,-0.717442721335353,0.1698752755132,-0.00920029513489912,-2.23326572786422,-0.21402806422133
G,una,G.una,2.4999964180501,-0.422829499502402,0.600564332660492,1.31938653266782,-0.113628026250509,-0.112175935061673
G,una,G.una,-0.382436738321936,-1.96338657951059,0.583328158021804,0.208999817511193,-0.140937977144209,-0.208137328241673
A,una,A.una,-0.550631356080245,0.981762320449557,-0.803392471263013,-0.203500307402152,0.109826030007801,-0.0582342278607304
G,una,G.una,0.40309848863777,-0.729518257901633,0.976523433160351,-0.806763826786034,0.289892187953035,-0.422610297187722
A,una,A.una,-0.312868496295917,0.902763334660284,-0.209067205286781,-0.90207581217291,-0.384149196092014,-0.159495563194984
A,una,A.una,2.37827808684362,0.884524490328271,0.210766952639578,0.0480086296904213,-1.08055732611493,1.05173039993682
A,una,A.una,-0.287899834099605,1.51708775340772,-0.0659718873210927,0.0760198114463074,0.330106520926961,0.437740954045061
A,una,A.una,-0.700474066715483,-0.181691668059795,0.879161167502018,0.253071898921336,-1.39679364980391,-0.226720093474127
A,una,A.una,0.713328976809975,1.13576857665614,-0.032247042085097,-0.0191251229797909,-0.468675855992569,0.210862165496339
A,una,A.una,0.201542791250489,0.325615347041482,-0.891878300628672,1.08254986235265,0.503722080138449,-0.195318106828033
G,una,G.una,-0.932422739242442,-0.749395155939461,1.69270995536792,-0.379830550471032,0.538944549582675,0.450368159272242
A,una,A.una,-0.774111243113665,1.98116914486337,-0.540884323418309,0.549206049917742,0.971347218787497,0.411903106435517
A,una,A.una,0.389206533254001,0.249869534388978,0.0476994841148306,0.297925602927969,0.133403727502395,0.122771576604564
G,una,G.una,1.80433617004802,-0.824573112312179,0.300582885089912,1.24240145013493,-0.422611051900273,-1.31857140080279
G,una,G.una,0.778552808940559,-1.44704417639325,0.0127105588944126,0.0428240820895029,-0.223890174330238,-0.848761552322176
A,una,A.una,2.48983547298569,0.844527424344757,-0.380171977316473,-0.388484686427317,-1.25525015718727,0.0913369904117747
A,una,A.una,0.398297935494265,1.1567567444541,0.291256879238982,0.375512844669283,-0.405253811657419,0.609549943905331
G,una,G.una,1.03791287431625,-0.0283013341210882,1.54771760335578,-2.01398431417422,0.775721770721489,0.0910800553521545
G,una,G.una,0.125301298161023,-1.56540253337945,0.882016533644014,-0.623010812379656,0.350588668709514,1.05989825750748
A,una,A.una,-2.63819852993346,0.330110413594407,-0.182014505872359,0.357533912139028,-0.034227538021869,-0.378564355834051
G,una,G.una,0.702943167305236,-1.06798427447561,0.956642090781537,0.270339990705396,0.103619835432717,0.147924651342837
G,una,G.una,-0.121347158829975,0.673979838440588,0.945669172696187,0.963544037768483,1.8817258764354,1.00620788719082
A,una,A.una,-0.432295185812303,0.636695557347853,0.431958944367378,-0.0757006105106289,-1.72653914955116,1.30528473067267
G,una,G.una,1.53024919298226,-0.89860132321457,0.486884664869994,0.327580126486506,0.107935360483112,0.421033327442773
G,una,G.una,2.73554032430467,-0.817449751401737,0.263799207581435,0.644726257143937,0.0209815947603625,0.684814079019667
G,una,G.una,1.89984197480609,-0.705833273438816,0.919060004796337,0.448100395925266,0.176296013026767,0.635799810322357
A,una,A.una,0.470713619277651,0.135082938280194,0.396370926653539,0.534284813985541,-1.28229110490486,0.696427893760419
G,una,G.una,2.06637718712126,0.151903373476789,0.721691416674305,-0.832386946754293,0.330693855185412,-0.72163943134593
G,una,G.una,1.01002722207752,-0.411908769600439,1.27201916824967,0.405821602203144,0.112463887845296,-0.535904004561239
G,una,G.una,2.66147685205728,0.165961532488157,0.943180289003202,0.915982928274847,-0.066872815794974,-1.02743299730628
G,una,G.una,-0.163608457725927,-0.89607414366393,1.43907048534484,0.184058713947666,0.0692890496664462,-0.773090134847604
G,una,G.una,2.23110231610839,0.860226193233793,1.93504740998553,-1.00439538128595,0.854323892216168,0.476437803275644
G,una,G.una,1.20437207737029,-0.348804695825215,1.25733722580837,-0.134176268190932,0.15769249412531,-0.764855840432309
G,a,G.a,-0.74011676169034,-1.45426781789093,1.51711952106049,-0.217109113982859,0.287296984010098,0.450525434953246
A,una,A.una,-2.05553203685799,-0.938050136768165,1.53796902830761,-0.306234692205748,-0.304400100688002,0.598337830557136
G,una,G.una,0.825734592542699,-1.14832403797502,0.445173357499444,0.11070637992416,0.037133863301413,-0.027898512832495
A,una,A.una,-0.480482342186087,0.393596360080161,0.519818452569967,-0.776256166819598,0.349685927153482,-0.366712363853358
A,a,A.a,-0.505329400567242,-0.0280434829426555,0.364816639462076,-0.638865962922719,-1.09299689337622,0.483087622475088
A,una,A.una,-2.37336728130621,-0.664891597680105,0.977977516275935,0.131825477085698,0.251232631998495,0.479294384944135
A,una,A.una,0.136575620806132,0.0324017217910077,-0.114834293613253,0.627484672592712,0.0656004275902994,0.29758741510843
G,una,G.una,-1.87024940215162,-1.21666991122025,2.16267312643654,0.00650884645587713,0.775480195459582,2.05004601283923
A,una,A.una,-0.647373879743787,0.448106053610674,0.741208331811116,-0.663940382903153,-0.963867082869846,0.294268371200267
A,a,A.a,-1.91841913554578,0.267987054333058,0.381042088447701,0.118913440925592,-0.502834563920237,0.193123862002548
A,una,A.una,0.021123512826546,-1.13088096523675,0.171410267666325,0.0506082234371409,-0.618037521732363,0.78529571498488
G,una,G.una,0.722728287951439,-0.00507191087669509,1.47523723538341,2.1443625520028,0.665588823821906,0.0542898753372719
A,una,A.una,-2.09196452659088,0.917761465238069,1.49780415375736,0.272789431353064,-0.189857115317836,0.615859204985459
A,una,A.una,1.00902305302272,0.896645458070003,-0.346975298443983,-0.0432537265768421,-0.33731582555507,1.33151213484652
G,una,G.una,2.41498720408868,-0.118536032162518,-0.07674215149938,0.184072348221995,0.863619525331185,0.578025538686858
G,una,G.una,0.305795828121974,-0.894040226656309,0.482102067916835,-0.0605132803458278,0.983471978150514,1.03537941692051
A,una,A.una,-0.257324513634457,-0.816043416180572,1.16335154665779,-0.334777770722645,-0.191152588560342,1.75242153826956
A,una,A.una,-0.801153163724551,-1.53720456808724,-4.58689431819658,-3.60571654570451,-0.575290090132259,0.810772515471204
G,una,G.una,-0.0881424418665192,-0.572625276880554,1.40840089382774,-0.236100212346678,1.33498136409794,1.7729948421939
A,una,A.una,-1.55918142200287,0.164541977379629,-0.303542638106267,0.873597505127962,0.0537592971689368,1.14497770179571
G,una,G.una,0.15878466748432,-1.02237662009427,1.46621416581228,-0.669350004011676,0.368393347741491,0.25435653215349
G,una,G.una,0.711969929220944,-0.983242039374931,0.517529012952679,1.27630236142477,0.680710755949515,0.953273292290419
A,una,A.una,-1.50394924684352,2.51463607842911,0.629358414646704,-1.05931344245291,1.87602440114053,2.14959372860416
A,una,A.una,1.76272440021259,0.826957094128148,-0.0834320357546642,-1.43956333508754,-0.837419459304291,0.898959081898735
G,una,G.una,0.939686876091258,0.906131849529367,0.400717631631437,-0.390191747483897,2.04733257782648,0.924437635103372
G,una,G.una,2.38068941698534,-0.325363332314732,-0.21886409077188,0.493245520236969,0.770941708373712,0.685380569652574
G,una,G.una,2.68318831894319,-0.340777800076228,-0.787361090744714,-0.224133134625776,0.868131730842596,0.833643520544068
G,una,G.una,2.71663949818566,0.717796833775697,0.172795200415703,-0.811749605989829,1.17607726582838,0.191380120903055
A,una,A.una,0.598400826744168,1.187353791642,-0.347011116540986,-0.512639961650028,-0.255816808729353,0.780768375723196
G,una,G.una,0.776285598730379,0.628853548847071,1.57671524182208,-1.67555703779986,1.64789926356393,0.774762622022371
G,una,G.una,-1.79433046991403,-0.141054448868757,1.85712631740948,-1.5444339706353,1.45019152092835,-0.109016544280218
G,una,G.una,-2.32356149936446,-1.22369867854325,2.81780343506517,-0.696250400787699,0.772016754979552,1.14216501446044
G,una,G.una,-0.144349065077012,-0.123368460740741,2.31021254099539,-0.589644723385402,0.654399022142175,0.159472230702638
G,una,G.una,0.973183131491094,0.172410445147266,1.06218947944873,-0.301378774795484,1.19760801165814,0.554762685812114
G,una,G.una,0.324559592779179,-0.147291827980868,2.22920542801724,-0.47374903056519,0.525652380632433,-0.123990655573674
A,a,A.a,0.186918939115791,2.31081178037055,-0.447006738851133,0.477340892863987,1.07717079347528,0.7751243609068
G,una,G.una,0.00836367132497515,-1.59004099104986,-0.836045435340046,-1.72309752500851,0.133230644703548,-0.505437128176483
G,una,G.una,1.25880787330092,-1.18159263166006,-0.39014512584544,-0.502734092333216,0.0910525331928985,0.134271304237739
G,una,G.una,1.65739078844776,-0.968881690126352,0.14645743951365,-0.532904345396992,0.0326252875863162,-0.418947582304622
G,una,G.una,0.773504382831968,-2.46944602094458,-2.67210571603372,-2.02416626500389,-0.15095047503481,-0.202558735256176
A,una,A.una,0.451153935718987,0.49306424819897,-0.451732798346527,0.341975586774351,-0.498607737190096,1.22210800195694
G,una,G.una,2.1189755108677,0.648028496420852,0.785605299890559,1.12374855632286,0.83372944422025,-0.147575592771159
G,una,G.una,1.03731799483912,-0.637405919311632,0.950331568430278,-0.279397296067126,0.234257832030584,-0.124286664664894
G,una,G.una,4.00900169676943,-0.518592637011955,-0.617424819483231,0.683052890076307,-0.351287987073477,-0.763352696852588
G,una,G.una,-1.11425403517029,-1.009744923837,0.37275761353378,0.0240758639763588,0.786773504859555,-0.221323925545723
G,una,G.una,-0.570771515437657,-0.151284266279388,0.11099620053333,1.65118633061944,1.2462760528739,-0.345824051747084
A,una,A.una,1.18685331989427,2.56740487796991,0.937535379780139,-1.9135881833862,0.434759417255508,1.01781859215737
G,una,G.una,0.600871188835193,-0.601597095249981,0.0574374357065897,0.453080483430252,0.670980944916775,-0.2230122738119
G,una,G.una,-0.781099625939128,-1.26870054299937,0.114955761255386,0.719202283653701,0.399708160407938,-0.963603856700236
G,una,G.una,1.22891127265448,-0.597280935858573,-0.169974076265436,0.708002239270766,0.568487283362315,-0.209518054218172
G,una,G.una,1.08890677141632,0.920364084302777,1.54833451629094,-0.83169160723938,1.43394981396785,0.176509511834152
G,una,G.una,0.638604291433426,0.137111340892521,1.13658365997552,-0.202252193057169,1.11526063744513,0.13959656356349
G,una,G.una,0.114162242568552,-1.0555973022134,0.716459649005655,-0.00994394865575246,-0.13616845250357,-1.42509527152629
G,una,G.una,3.44908368151852,-0.285761258857791,0.219410535816479,-0.466145086020791,0.191434671988201,0.168010675536038
G,una,G.una,0.972655348193959,-0.623981203586163,1.17626552239933,-0.350400168855689,0.31190144868887,0.0944663677865552
G,una,G.una,-2.32916337626136,-0.362205507553597,0.371679369224887,0.619228873988972,1.17782092849062,-1.98912617479901
A,una,A.una,1.79361902807199,0.418905854345382,-0.361828766044815,-0.107561869584015,-1.4148378580737,-0.147912724524034
A,una,A.una,-1.32394435812766,0.628981226407511,0.0910028911930461,-0.219017996096824,0.919831623713825,-0.507004470758262
A,una,A.una,-1.07366424870662,-0.0189162691355941,-0.701919905403377,1.64473532595225,0.205639501858477,-1.246482772879
A,una,A.una,-0.630477422504495,0.468157618412724,-0.29858295194649,0.703684890632477,0.699947296929319,-0.223940850925018
A,a,A.a,-0.444556579012864,0.202897523461379,-0.855815811084414,1.09205991996437,0.293581191906415,-1.2919053455369
A,una,A.una,-0.551171341566836,0.709732279373927,-0.33036201732876,0.458563136555149,-1.24363517941177,1.31266980825124
A,a,A.a,1.93405361615049,0.291574517500855,-0.519013979362395,0.0797756341576993,-1.35366705998629,0.561057246636208
A,una,A.una,-0.0218176790404774,0.116691219573718,-0.681613563815944,0.590096781913708,-0.892851167722087,-0.0879472493089601
A,una,A.una,-0.133629609787561,-0.846844446016544,0.197755346873906,-0.0185296068283849,-0.77897631973384,-0.492907346841733
A,una,A.una,0.524608181724719,-0.0899733359352063,-1.36690919420491,0.815252939036452,0.478548113008803,0.26429714967308
A,a,A.a,-1.88834962788335,-0.105092953457672,-1.33958008275808,1.17220814349093,1.10299629178129,-0.168653507669853
A,a,A.a,-0.524995011348082,-0.510555963246377,-0.338068031802572,1.14330637561039,-0.400236408564327,-0.987492485366142
A,una,A.una,-1.32257108578875,-0.115068059792514,0.0848308900600308,1.11148978704014,-2.31768917137141,0.188066563925668
G,una,G.una,0.253804753069606,-1.72336837832945,0.628459518071446,0.635908864557678,-0.0692411203671289,0.401575150253238
A,una,A.una,-0.650070215370202,1.63126578529575,-1.01361369523302,0.694844153071804,-0.760271530347872,-0.0796965806360302
A,una,A.una,-0.00318199354177368,0.64927379460215,-1.16720761018389,1.0866057314691,-1.62869827569746,0.471758008140987
A,una,A.una,-0.829827762098893,-0.994371606790384,-0.0466475205031736,0.922701969942408,-1.68305510510977,0.207177445066241
A,una,A.una,-0.810606933534022,0.655086148685526,-0.9990827701841,1.61696442719945,1.13280666069177,-0.339138665323008
A,una,A.una,0.374096553486865,-0.356190000325644,-0.401141563614554,0.798238998930608,-1.63102728184415,0.0496991242506664
A,una,A.una,0.661648233822854,0.803782389799897,-0.63090218303706,-0.334343685559052,-0.56490977159477,0.0566040761061035
A,una,A.una,-2.60744408124494,0.274993451882552,-0.414740664413895,0.314719993997881,0.0504422062068634,0.13036463878675
A,una,A.una,0.449643265977605,2.05376310347193,-1.05224653582691,0.666946070426387,0.912113992896145,0.729045899576796
A,una,A.una,1.61525953682306,-0.104522649932088,-0.601901659326338,0.531797686017432,-0.0064672705672799,0.759232844712691
A,una,A.una,-0.821118292160968,0.151313809217214,-0.581386674850734,-0.0553859360665835,-0.824147088258787,-0.674201364877103
A,una,A.una,-0.361529799503902,0.725573866881084,0.223857287351427,0.0855828506623987,-0.495672705285096,0.236656785243873
A,una,A.una,0.359487848960637,-0.0952148233842162,0.156808846422214,-0.343008561710494,-1.18611944611895,0.761697347514415
A,una,A.una,0.0352433187817541,1.15666831651321,-1.6449779452213,1.35583414855648,0.709143653748489,1.50294583486714
A,una,A.una,-1.70490779026537,0.908309041201905,-0.450172854843597,-0.295431978675859,-1.34442753323645,-0.486679914210013
G,una,G.una,-0.20255649400657,-0.0244250975262528,-1.77376965448797,0.295450133530083,2.00550018796016,-0.186460340646117
A,a,A.a,1.57731079209398,1.94434912814652,-0.793046692609622,0.281424818601494,0.282026612899332,0.703566600386891
G,una,G.una,-0.455886468190587,-1.02028461898507,-0.821062836156198,0.305268586285938,1.32059249236397,0.342860391702713
A,una,A.una,-1.21862753548845,1.08519232739758,-0.134093567319014,0.339681288522278,0.0980543332239712,-0.22775121049306
A,una,A.una,1.05156967475,-0.102659111405683,-0.547644876806734,0.770171391853795,-0.111778927514184,0.210664797699272
A,una,A.una,0.126407807671591,0.462265299323635,-0.836518956785118,-0.238856935230563,-0.61649877171571,0.182903451258683
A,una,A.una,-1.58995037021908,0.250967671059983,-0.445013841867719,1.18348613693723,0.0605527640868865,1.33263774485569
A,una,A.una,-2.36885764294061,-1.15693941146839,-0.88949185251539,0.9983892795347,-1.14724453333231,-0.135939603726874
A,una,A.una,-0.896435646394438,0.801812539027848,-0.33341784907086,0.732358818535204,-0.0388920898715186,-0.00526056307988612
G,una,G.una,0.24948885341963,-0.345052327152922,1.5660519045088,-0.940020239472789,0.485178485185097,-0.311541714059082
A,una,A.una,0.0360908077496531,0.202512940159605,-1.00282291001533,-0.565569880842508,-0.592363679333348,0.384750096045086
A,una,A.una,2.1860573293335,-1.12062882239763,-0.655732154432483,-0.273305287547705,-0.339739214021242,-1.39156875757183
G,una,G.una,0.114309631180632,0.580140027013982,0.214117611590795,0.0910737310417273,1.76029443886524,0.0986929387026507
A,una,A.una,0.811173512703007,1.09377862152033,-0.862133706510195,-0.998373038054865,-0.491119641958622,-0.413639803583842
G,una,G.una,0.202778554298465,-1.87180380156027,0.0311736023853196,-0.62385439131326,0.0959646482237968,0.478134337186198
G,una,G.una,0.42628612016435,0.290306831277559,0.961231282835642,-0.682789816530718,1.16240909410672,-0.279903091162814
G,una,G.una,-0.301386815179361,-0.984070966352554,-0.24105722121547,-1.01669633442577,0.832940615542819,-0.422786057197793
G,una,G.una,1.12937264946371,-0.353236427938337,-1.22054677223748,1.10365415339382,0.997173694512818,-0.733788212181192
G,una,G.una,1.28375941221992,-0.282221596109783,1.12145276935817,-1.14376196929236,0.557745869044677,0.296205076893552
G,una,G.una,1.08244514754881,-0.52832617355806,0.00314736088075748,-0.0667013158960647,0.846314160322514,0.296271688432216
G,una,G.una,-2.09709643170043,-0.801772352637559,2.55229154817083,-1.73134931107774,0.879857205627619,0.391689171465586
G,una,G.una,0.391850310978127,-0.975247673174459,1.08997268594226,-0.361215413091157,0.152225053941868,-0.414453055120056
G,una,G.una,1.81158202916119,-0.208063316450804,0.850966189551432,-1.1872385062452,0.428491645563626,-0.186611298697909
G,una,G.una,0.215345190303179,-0.558972069205089,0.134919685146604,0.659525091122057,0.533514894187183,-0.940710781595721
G,una,G.una,1.47498344576888,-0.466225209367383,-0.635050452171315,-0.575178089405451,0.86298369905225,0.176509506093265
G,una,G.una,-2.67253285206755,0.382949781178019,0.346271158464828,-0.379032801052163,2.4626030848468,-0.562751657404432
A,una,A.una,1.6167061813823,0.954431104328142,0.344299755716047,-0.811732870009363,-0.923629384494168,0.67231253355744
A,una,A.una,-1.08258248681512,1.76987860617487,0.472036718513003,-0.953517703822323,0.642815371517624,0.313189864367142
G,una,G.una,1.43547962637498,0.329757034991867,0.385926041548611,-0.805907774798526,1.12121935612122,-0.0993658027527401
A,una,A.una,0.459740481287694,1.78678293891462,-0.377508180926383,-0.893652596609945,-0.895099892558293,0.831094901982747
A,una,A.una,0.611400179288979,1.11329264763611,-1.02070449023758,-1.37502665309638,-0.286014312601256,0.189150697473385
A,una,A.una,0.16207231316997,1.10571755284514,-0.305730336400365,-0.943408592412579,-0.485922347372674,-0.743606850707379
G,una,G.una,0.721755694010314,-1.08629050043275,0.503735685141379,-0.425411248567939,0.165630047135991,0.0105059123965032
A,una,A.una,1.90892362227189,0.81179461638349,-0.367908156190995,-0.692345632650189,-1.18850903516352,-0.0275727621896452
A,una,A.una,-0.226931681316907,0.552176621734967,0.428513583960197,-1.43094605877632,-1.01483892932551,-0.478422545729883
A,una,A.una,-1.47649632088843,1.0067390996106,1.1026121139618,-0.989280746172939,0.0770427041936929,1.07583703364602
A,una,A.una,-0.238901091424759,0.512137807128078,0.280012769065802,-1.00948179860878,-1.15995144862082,-0.745710567479378
A,una,A.una,-0.38531116631419,2.13597235779071,-1.00510549117492,-0.271111455295273,-0.420222000964618,0.178321605833263
G,una,G.una,-0.029979207538562,0.578976772035468,1.42798308255123,-1.17879819580515,1.34311137385337,-0.498004666706368
G,una,G.una,-4.24540109872072,-1.49693226441502,1.75353528640583,1.04218566288463,0.984103484973122,0.654502450435598
A,una,A.una,1.01985045039997,0.34497758769217,-0.195488950684088,-0.699918513071207,0.359398504934856,0.566448017044465
G,una,G.una,-0.158308644066454,-1.14975742150991,1.21222046832966,-0.297021596976583,0.36309706511616,0.63569740686649
A,una,A.una,-1.17354778587636,0.513783755837131,0.335805627034591,-0.432258407011405,-0.358647674197446,0.40722059182482
G,una,G.una,1.1404992772627,0.00456132788828041,1.85634877603995,-0.156704248683695,0.513113810028702,0.277999990205932
A,una,A.una,0.572066198033212,0.134759779506784,0.702638715936898,-1.28812083297974,-0.305074743815399,-0.423738086952784
A,una,A.una,1.21599039247856,1.46048665415215,-0.446582983855424,-1.67778143385509,-0.0786811884474307,0.575883040631871
G,una,G.una,1.80017752635414,-0.211332850226438,-0.237401584238537,-0.249921812327283,0.619795102206904,-1.02543432091952
A,una,A.una,-0.586447994953127,2.14536169468644,-2.29324315499561,-0.0191236028331747,-0.0568720774306256,-0.445091915517717
G,una,G.una,0.33510394666379,-1.26900566671502,0.876243724932458,-0.290203641820105,0.079911618390897,-0.279220503113583
G,una,G.una,-1.67694039267228,-1.57672160242278,1.72223280084679,0.0554131629637475,0.57519865396012,1.79566380029581
G,una,G.una,1.0816104699767,0.714006928232999,0.966202470560142,-0.603132021008042,1.28289455544259,0.0476309825512412
G,una,G.una,1.21058208068596,-0.850109382853118,0.447066943555951,0.0969832841576032,0.012070683677971,-0.409720041638349
A,una,A.una,0.637141713627942,-0.172823638439698,-0.309351250196846,0.336080219503507,-1.49083489210226,0.178999337996228
A,una,A.una,0.315129686417192,-0.0386674285797237,-0.0843547748016655,0.206332859892513,-1.54930739223111,-0.566936642592029
A,una,A.una,-1.81716517768087,-0.552084711986224,0.531959932652442,-0.191977085538143,-1.43434638904496,-0.635408842490604
G,una,G.una,2.348276877935,-0.295247319898579,0.571532795699902,0.486641893141608,-0.099836746688849,-0.95241643935145
G,una,G.una,0.0653603330932912,-1.88592326378734,-0.147783867868042,-0.367310397711737,-0.118777851482834,-0.334947483806445
A,una,A.una,-1.50242062433611,-0.00272983016614144,0.48568133755834,-1.49747826997861,-1.03143321138534,-0.382092232045298
G,una,G.una,-2.07802976826749,-1.86867384385805,-1.00570326064319,1.15823574371175,0.825356736626521,-0.785869880547501
G,una,G.una,0.686228801475455,-1.12113863562734,-0.131921451958108,1.00863733993733,0.409722469909274,-0.238885174197064
A,una,A.una,-0.787034124858829,1.09191276265049,-0.176487707005456,-0.253980350660816,0.340854183356056,0.621370386922934
G,una,G.una,1.13547887686939,-1.25911626891167,0.185855279361072,-0.372559759560503,0.117578270907193,0.294124552046922
G,una,G.una,1.03833746829703,-1.92636532057201,0.282232981922832,1.04949846491605,-0.248975509162046,0.544985832471061
G,una,G.una,-1.64613793895184,-0.992766978534442,-0.817516877268421,-0.235407392538737,1.28000483379934,-0.805118236665385
G,una,G.una,-1.54067358108797,-0.859216847181892,-0.880072105206099,1.60471064987038,1.79002231835296,0.248112253505129
A,a,A.a,-1.56997308207395,0.634018675308363,-0.404095658316494,0.691516653497286,-0.00840795298123345,0.0815903071441025
A,una,A.una,0.204261535567403,0.235779174063918,-0.818759136259664,-0.181609057786873,-0.589932921249988,0.690432860298353
A,una,A.una,-3.12061511968308,-0.328720922458036,-0.908745637681881,0.336750228007537,-0.333182147879114,-0.962378128339721
A,una,A.una,-1.57921992047777,-0.00861152168806759,1.00260184100768,-0.835332496782252,-1.02990217903548,0.0270183189653481
G,una,G.una,-1.29034723620717,-2.18905581346697,-0.0579981187482218,-0.850690097216047,-0.15561140982089,-1.05574195225116
A,una,A.una,-1.32437006023839,0.0893848193226445,-0.027835956630769,0.598009540867632,-0.941069086615241,-0.940991363626006
A,una,A.una,-0.97292841373393,-0.160413859668088,-1.16770126713504,1.40922532143329,-0.143561883786274,1.50591524963703
A,una,A.una,0.101102591579647,-0.0618906727135056,-1.25700700849928,1.31643943283732,0.372151063315222,-0.0671015275412176
A,una,A.una,0.785385894438569,0.113084572881422,-1.2905265813878,1.11581655173289,0.479770659215753,0.32726698019303
A,una,A.una,-3.19108859835527,-1.51125627296153,-2.82174025054283,-2.59890557934934,0.899405390865411,0.259688785240509
A,una,A.una,1.04550545226072,0.697631881904429,-0.552197084422893,-0.247636610161294,-0.344741551454708,1.45928893471862
G,una,G.una,2.5066602192626,0.287521401654791,0.876806727550529,1.4975629499829,0.771904882673738,0.484233111022383
A,una,A.una,-0.79087913710089,-0.195468492714592,-0.70729878052965,0.121014249708776,-0.66591662131081,0.736166596824776
G,una,G.una,-0.850600968712852,-1.23147795320381,-0.513948486858005,0.883978340745439,1.27916204268252,0.676710257754339
G,una,G.una,-0.200602984044746,-2.0601411875905,-0.636730484256637,-1.69195483601785,0.185146527700483,0.27687011537402
G,una,G.una,0.276727945347889,0.0382453750154505,-0.409749504152928,0.788706045728879,1.33688219101797,-0.418283473521333
G,una,G.una,-2.08905605758381,-0.240404194532376,-0.463108940805006,1.03603973801616,1.83988983941386,-1.12753998547984
G,una,G.una,-2.10264387357722,-1.13510732017023,0.160440005877846,0.738321549146427,1.24539159176501,-0.384505673513636
A,una,A.una,-1.72944340215679,-0.257111403866179,0.0804803505465289,0.530216409484749,-0.682185318826331,0.524948862895672
G,una,G.una,-0.264983752362538,-1.02108514582819,0.044343561638331,0.782956066174639,0.446425874081891,-0.801887232471462
G,una,G.una,-0.751379478374092,-1.58489364942299,-0.779764314853234,-1.47133418693689,0.869948985065359,0.138077348330174
A,una,A.una,-0.143740143239471,0.215051301576163,-0.823431390239135,0.26965781223548,-0.778362330694226,0.047955805993287
G,una,G.una,-1.78458994855233,-2.74666312117942,0.865776460237464,0.325298894667288,-0.155861092502735,0.253657002844759
A,una,A.una,-0.428621053349226,0.0807288225354567,-0.643661766994325,1.04341129962475,0.391328691644326,-0.73992531630045
G,una,G.una,-2.77262281974935,-2.32066092215513,1.55828573042436,-0.537430181961492,0.172033440902263,-0.00849076184696851
G,una,G.una,2.523622559347,-0.364039214037017,-0.92607466700065,0.565577414245931,0.47957311312648,-0.381003166347814
G,una,G.una,-0.532513015529949,-1.358070790308,-1.2984250531569,0.568072238290945,1.14497512773247,0.251358833836265
G,una,G.una,0.716231591118783,-1.34692766188939,-0.688493010919783,0.844891939336834,0.367915587312084,-0.12999436442266
A,a,A.a,-2.80698680747306,0.242875982568008,0.711905352665756,-0.498178205786843,-1.90178717923889,-0.353834060108221
G,una,G.una,-0.566929620290014,-1.63424933278632,0.427263230287103,0.635026094864932,0.652594508957622,0.687415737847623
G,una,G.una,2.75070167064819,2.69111093452135,1.57793382831935,2.511280543996,-0.62895730715435,-0.145386114382332
A,a,A.a,0.0264062220629243,0.684816459740544,-0.582660731084069,-0.438786728960877,-0.515633515691894,0.103938977431018
A,una,A.una,-1.60139060431745,0.416020049647457,-1.42934448925373,0.848998731898835,-0.318138000508526,-0.75859251211127
G,una,G.una,0.066127749126644,-1.24621887026662,1.23340317278403,-0.405773073647345,0.295119623491623,0.437362618946533
G,una,G.una,1.14188096617632,-0.114150282778846,0.493474438904697,0.802460204590188,0.627535441898412,-0.687691142101028
G,una,G.una,1.22633078907659,-0.959783420025708,0.454719093650671,-0.48537710899164,0.14224904873759,-0.109303100105265
A,una,A.una,0.193615815052021,1.3991672857215,-1.70070091815064,1.73244992933498,0.702807725616913,1.52714186229342
G,una,G.una,1.51235905917054,-1.44460735998937,0.0366819619358916,0.952187225151991,-0.320196645024314,-0.2833232773678
G,una,G.una,1.28612031995072,-1.26052665840318,0.426651393167801,0.0854583565479396,0.0258482275040692,0.23727636853154
G,una,G.una,1.08169396499858,-1.6435078651162,-0.083559275954678,0.613859362468593,-0.317481380839173,-0.421846479457293
G,una,G.una,1.78219599810574,-0.4826705526519,0.955849144911261,-0.426413018870653,0.351173539165655,0.401103368084444
A,una,A.una,1.33478438055564,-0.501962461992858,-0.295008074048472,0.312234737729339,-0.74962317958221,0.146257578332812
G,una,G.una,0.441198927812573,-2.07371428796609,-2.04235279254415,-2.9783306532414,0.252978865283871,0.140841011753833
A,una,A.una,2.76241074676171,-0.248199932259306,-0.388121509104905,0.743353524595341,-0.846557385833484,0.281116008259292
G,una,G.una,0.651294530033063,-0.868598402911239,-0.588608076221101,-0.056213866572351,0.599766470818565,-0.452648527568321
A,una,A.una,2.27417041713449,0.111097698526746,0.0733612428321725,0.101767386815656,-0.632149153493757,-0.00181697981323103
A,una,A.una,-0.0266596368578442,-0.210118128591097,0.400006747622752,0.173330714403642,-1.23379899610156,0.902108465972259
A,una,A.una,-1.61650140590669,-0.157484864394315,-0.103073519017552,0.317336062533699,-0.822430469616861,-0.368063284368812
G,una,G.una,0.206703350577553,-2.18084663356357,0.518842806693134,0.464397308810753,-0.0937203963738797,0.769919637608876
A,una,A.una,-1.01788968931081,0.314488651581993,-0.86539969360075,0.920853821219736,-0.114667581891012,0.516860947421782
G,una,G.una,1.63475901503401,-1.40314409382538,-0.452767521972345,-0.781669241919002,-0.0265393186676139,-0.191523096521223
A,una,A.una,-2.66070263046732,1.2483950650974,-0.376057234331183,0.0672317423260854,0.925215308921667,0.00110005680593661
G,una,G.una,0.823910401206064,-2.04325681366383,-0.181515429049671,-0.0414117091588134,-0.0544603127611452,0.76164511298681
G,una,G.una,0.090225468979078,-1.41749525573757,0.849791574920891,-0.422634049148306,0.249228303130542,0.531648802420172
A,una,A.una,0.0127778527050123,0.707130413115809,0.715040409622183,-1.826514223211,-0.711191692903157,0.472308043170786
G,una,G.una,0.562558275398242,-1.03429871484252,0.62378365741532,-0.594634290154197,0.133364423851572,-0.44261654404577
G,una,G.una,1.97573844916372,0.00571239975882737,0.730611332746498,1.59188114355262,0.690822221177262,0.376114766409066
G,una,G.una,0.152949406934748,-1.54628091091666,1.17653832180343,-0.507470928974734,0.491497877906939,1.74708188516245
G,una,G.una,1.54010781456257,-0.438132324536628,1.33217917661096,0.511052590176835,0.345154631506749,0.896000022593822
A,una,A.una,-1.50013032049718,-0.925264781998984,0.94170284451879,0.692931183598904,-1.15822624242799,1.94686161421692
A,una,A.una,-1.97597295495539,-0.210551624071426,0.0211505216005417,-0.123867421010028,-0.665736069010752,-0.0781296020315848
A,una,A.una,-1.46363712750242,1.17200279755713,0.712672085264392,-1.7964495128809,0.047408127428975,0.144253177475372
A,una,A.una,-1.72185275090452,0.31330112054871,-1.81967577080271,1.60152485572891,0.221900732593475,-0.145861783776487
A,a,A.a,-1.00083198979023,-0.121462220725968,0.0937189267569577,0.224888209134348,-0.100644918937735,-1.11773926508284
A,a,A.a,-1.50152820876111,0.867615624174158,-1.0137402030316,0.282542954631671,1.32176141074402,-1.0844764342815
A,una,A.una,-2.22199187055246,0.23625279170148,0.394275334235477,0.499755872795723,-0.736527185141032,-0.694610055396848
A,una,A.una,1.60273762615364,-0.731970428877183,-0.555072650078336,1.00837201920385,-1.02646925778009,-0.132902900862721
A,una,A.una,-0.958017079822247,-0.624905524737253,-0.406911793433059,1.06831183378066,-0.395045112190221,-1.02629481311445
G,una,G.una,-0.194957598433614,-1.76902640010297,0.678474989777943,1.63788767343926,-0.534918571483216,-1.13590639003189
G,una,G.una,-0.879639777558708,-3.18822405122066,-0.507359229382569,1.01406421649756,-0.478163139873313,0.540952158109492
G,una,G.una,-0.745866343758156,-2.36560393530716,0.170684074306051,0.780059198252592,-0.502562393253211,-0.979148139102878
G,una,G.una,-0.502645066556613,-1.38465712309809,-0.269056825734966,-0.0346386132528777,0.613774029723157,-0.200998845147933
G,una,G.una,0.759033261304436,-1.73669434897131,0.150130608531025,1.03814687194845,-0.410529975872253,-0.575419442508749
A,una,A.una,-3.4251802172217,-1.37957978887313,-0.521366468336256,0.183768580107827,-0.626255391487637,1.48825949413695
A,una,A.una,-1.8408073680946,-0.551713541845602,-0.160158874394271,1.79366902924079,-1.0963411816097,-0.0160696738825551
A,una,A.una,1.08132669286249,0.0335542121791639,-1.05802279847134,1.58313643151573,-0.877205140777575,1.43390104395451
A,una,A.una,-0.179313321182321,-0.148045760588236,0.904334927113044,-0.295573835369411,-0.506799424329161,-0.540362479524884
A,una,A.una,2.03419053721271,-0.994440685852727,-1.84230623795136,-0.513496730243771,-0.906398154822152,0.0153847835291175
A,una,A.una,-0.401903883810398,0.29723465487699,0.736783858462773,-0.559060177036903,-1.01649011848134,0.431447125247899
G,una,G.una,1.00648271635648,-0.904406009757544,0.674383318740922,0.294639227884424,0.0170391407917811,-0.28348336625052
G,una,G.una,-0.265217522555626,-1.5307385664069,0.965220533077894,0.769602964147685,-0.147677688299186,-0.407687249723594
G,una,G.una,1.64212749568205,-0.402501989420996,-0.199234484584594,1.38647410678796,0.486160688836693,-0.14204586371226
G,una,G.una,0.619061873987598,-1.31800209918882,-0.515651278233928,1.57076186799493,0.234091273508454,-0.294298083537797
A,una,A.una,-1.29292423854449,0.496323382974406,-1.04788857860931,1.80095616009785,1.0491914711955,-0.555267034479778
G,una,G.una,-1.07007620379041,-0.733129371425506,-1.55475183094333,0.302065633531174,1.94888033366775,0.112940630233854
G,una,G.una,0.404611009638937,-0.792523322514695,-0.634356956780009,2.10627679800697,0.845983871060712,-0.464123015417772
A,una,A.una,-1.69483554887236,1.120791358809,1.12685377613518,-0.662570208929346,-0.0877234377171637,0.307597727686427
A,una,A.una,-2.96375845783093,-0.00367055965530272,0.597378448832691,0.160929380539221,-0.657042454921948,-0.607409811059295
A,una,A.una,-2.10617668692175,-0.436925116868228,0.241299443509102,0.400795178851116,-2.29819392233562,-0.210232479201151
A,una,A.una,-0.366963610576615,-1.12660867050068,0.215270300067344,1.11016521328621,-1.0538682167913,-0.604543743580422
A,una,A.una,1.98379868521609,-0.482455812882542,-0.252080510529379,1.5917770066729,-1.20202195781684,-0.750086600623014
A,una,A.una,-1.10303324322295,-0.321679220769134,-0.319088300236544,0.508386525753573,-2.33687183201367,0.0621334073971718
A,una,A.una,-0.269908008220828,-0.317602749349342,-0.686919142947575,0.112007231186132,-0.246381979145472,-1.17468665946519
A,a,A.a,-1.63356786097577,0.677665805700726,-1.91810490080729,1.18118006194053,0.36063212569416,-0.261670434012446
A,una,A.una,-2.29626781455898,1.78194659338546,-0.673433219290273,0.57935992793314,0.104327626486988,0.261408980273147
A,una,A.una,-1.11932856002478,-0.779756822470411,-0.406757646933471,0.482548374675765,-0.25806481672833,-0.703893100151301
A,una,A.una,1.70729139320912,0.397490242855933,-1.57058160399753,1.15850067181934,0.384802206267747,-0.0467303292123966
A,una,A.una,0.035288649443296,-0.12079924600403,-0.536234548987779,0.803603310052817,-0.626411257034888,1.67203990332438
A,una,A.una,-1.13579964424373,-0.648428295569181,9.02676588379336e-05,0.77534704825733,-0.0787920126508298,0.11662564395648
A,una,A.una,-1.02825199559848,0.286355133871134,-1.01160949146652,1.39374788201622,-0.234566123896972,0.396093197150954
A,una,A.una,-0.137656759628832,-0.0271912855982725,-0.609403770597528,0.661215823287436,0.823320596574446,1.26831404567302
A,una,A.una,-0.270235105247137,0.415142427321386,-1.35973224403772,1.51830527685003,-0.356141184806865,0.12229895408819
A,una,A.una,0.242827272303601,0.959908811160281,-1.41302857941234,0.590954257091942,-0.0826247809244826,0.152319420497871
A,una,A.una,-0.239400201596002,-0.279936708427461,-1.18893013098013,0.896674555471776,0.35372551908567,-0.353421682567334
A,a,A.a,-0.662748621701864,-0.112373531421524,-0.612999972020231,0.567045170378692,0.573797187618179,-0.0948498042214393
A,una,A.una,-2.14518921770016,-0.800708568812393,-0.566352786415002,0.744942140822448,0.48078511150644,-0.0639758721959627
A,una,A.una,0.373966325286917,1.26631012463743,-1.93270568392929,1.7689828177264,0.286757039638792,-0.128530153428058
A,una,A.una,-0.930645542672834,1.62860867599434,-1.81253529430765,1.15519818370552,-0.0770584443370768,0.871350547662777
A,una,A.una,-1.24620116208415,-0.0120317401657509,-1.66515321889902,-0.252237592107768,-0.019591902799074,0.544613308858893
G,una,G.una,-1.3462259958307,-1.30001911806904,-0.180639709371887,1.11934317920484,1.15404081097967,0.0909840505099682
A,a,A.a,-0.832961917014763,1.51929167757008,-0.780704464526633,0.494757687886525,-0.197189872078338,-1.80218417154758
A,una,A.una,-1.37090660950643,-0.847189415850888,-0.248254626851216,1.20589756062789,-1.97783422456922,-1.34122834557061
A,una,A.una,1.70849279543255,-0.482932087349199,-0.68535317046632,0.626332170166172,-1.06660533651671,-0.902405625982177
A,una,A.una,-1.63971020081669,1.37785372990237,-2.06314986052548,1.45670225236765,-0.432818034126783,-0.470797567800014
A,una,A.una,-2.05457345026782,-0.91043768041679,0.524124526468981,0.215148761447863,-1.42042243593892,0.155687811877717
A,una,A.una,-2.86739237204893,-0.716634866730495,0.6367368128783,1.04655978734277,-1.78591067186563,-1.52543293828311
A,una,A.una,0.0571989386110504,-0.39619920481372,-0.458715082097429,0.157085913053348,-1.49649834872508,0.110530071611828
A,una,A.una,-1.80224252487744,1.43987589124737,-1.35098117834807,0.815892297473205,0.543224434919376,-0.913162038218183
G,una,G.una,-0.416871894469308,-1.39965737920597,-3.25926105189981,-0.0583280727341582,1.67836992101687,0.0703839926111415
A,una,A.una,1.0300537751161,-0.498476464420545,-0.775724289255541,0.414327521996846,-1.45321697250588,1.12487478738532
G,una,G.una,2.24136160826991,-1.03738776585789,-0.000183021648800533,1.16885063798357,-0.327031677715201,-0.391705427300806
A,una,A.una,-2.14844753551274,-0.840060689910868,-0.570168852391441,1.49682092355797,0.440795755130816,0.411079780053781
G,una,G.una,-0.524763107099792,-2.60968289690685,0.292244074075197,1.27314798956863,-0.516246467696152,-0.25077235581153
A,una,A.una,0.223895749136982,0.15557193116691,-0.735189573062933,0.910982328043559,-0.924921067717253,0.0778526197575601
G,una,G.una,1.79181291798512,-1.49332860786324,0.0311543904461837,1.20696296069123,-0.298411296742349,0.207380462784758
A,una,A.una,0.0569574928626723,-1.03423397456638,-0.732262944569333,1.50795649874548,-0.461566425067497,0.0463580451977399
G,una,G.una,-0.094038404730657,-1.97681006638985,0.656267864898114,0.632742786468371,-0.0685587966617902,0.600517881533147
A,una,A.una,-4.65631768254739,-0.421713541503836,-0.697976329821885,2.14181725745697,0.400754823025309,0.723893823342082
G,una,G.una,1.91907529504289,-0.940620130292659,0.0993849823432605,0.402181101115826,-0.116711499182254,-0.293460679949301
A,una,A.una,-0.294446005087415,0.94179677083836,1.31542313302363,-0.0650393494349052,0.335953102163028,-0.69850082954537
A,una,A.una,-0.911338254573613,2.30862705498508,-0.677456967207779,-0.970554825102029,1.21253491895517,-0.142394737891294
G,una,G.una,3.04955990302529,-0.818668949136844,0.034432091332683,0.507225903465672,-0.0607407878114958,0.360153284635864
A,una,A.una,0.494839182930491,0.97926480639556,-1.10037357012258,0.586787830412722,-0.0168271392743703,0.46782010839202
G,una,G.una,-0.568842524205976,-0.727371886092063,-0.319029831708814,-0.0618100840021114,1.54449394226256,0.559783551825593
A,una,A.una,0.845970319646745,1.33401575869973,-1.54804477738453,0.0604776993128041,-0.103810443477761,-0.617602068814749
G,una,G.una,0.560721826783528,0.604599193842288,1.06357878137589,-0.253153927109212,1.00190861969868,-1.09173805999981
A,una,A.una,0.994113435298114,0.0171527850439862,0.89713379601115,-0.180745471215648,-0.474238221990619,-0.0450686027883161
G,una,G.una,1.44251558101399,-0.240222282429075,0.314552080380284,0.187533134525928,0.820066309705654,0.0619017943403734
A,una,A.una,-2.92754825244643,-0.55263155497645,0.318156551811625,0.196343814932127,-0.604375451254144,0.49371752712678
A,una,A.una,-0.933828682604189,0.463219826918885,-0.0377321976106814,-0.412998126709586,-0.506732842837806,-0.0373807223199946
A,una,A.una,-0.00278133319281548,0.893143737053412,-0.228596835118396,0.0762118220999693,-0.739789571265416,-0.920733621612265
G,una,G.una,0.202350979370029,-1.29384031851827,0.655269154734206,-1.32629441447515,0.296000444796333,-0.0611409735895559
A,una,A.una,0.584400422692917,-0.877657208579546,-0.0112641752375193,0.381283461145997,-0.815689312251202,0.0326658904761562
G,una,G.una,1.23713302347057,-0.821472367391224,0.852972167087367,-0.191241447091885,0.109108163047151,-0.299973402051544
G,una,G.una,-1.38964039043681,-1.67217939630029,0.33731028040107,-1.37918646812514,0.242561240687325,-0.411220106678717
A,una,A.una,-0.475657029731492,0.157696311106459,-0.487186165352427,0.533206210813283,0.595140298697527,-0.339706719780313
A,una,A.una,1.28683962526379,-0.212469748274135,0.417722502965889,0.0765989575484136,-0.662911226918728,-0.202151343857859
G,una,G.una,-0.398743839757385,-0.117361035041491,-0.8893793372459,1.03075175837655,1.99098447102033,0.19360322896586
A,una,A.una,1.91178161786537,-0.420996977371073,0.43078324080219,0.460106968209952,-0.585648539047235,1.00889827569306
A,una,A.una,-0.595579694177145,0.552824697270687,0.901434375357685,-1.47054950391848,-0.810145524285462,0.21416828700712
A,una,A.una,-0.438856495011483,0.677110986864961,-0.229029861028664,-0.231884293295994,-0.667192794362437,-0.706246592485123
A,una,A.una,1.17132798588889,0.491507900775827,-0.121607897507334,-0.356043965929023,-1.31722634660748,-0.284240928708627
A,una,A.una,0.755000088533456,0.787894003385392,0.319630075862229,-1.5185908485378,-0.82261926746747,0.465955520028456
A,una,A.una,2.14078888437626,0.516230020691984,0.727339036337308,0.307006384499587,-0.616217856725663,-0.506503290078861
G,una,G.una,0.294687280464088,-1.70379796202766,0.735867251598214,0.667007359062878,-0.211571413565289,-0.28783333192362
A,una,A.una,-1.06789600632484,0.0698457822247687,0.649254347651053,-0.450338606387057,0.265621651459123,-0.327589004217157
A,una,A.una,-1.70579720951324,1.09190695288515,-0.32422645643449,-0.802725391178227,-1.23746547358314,-0.666324390164515
A,una,A.una,-1.0887638083217,2.77911915770717,-0.339043962640689,-0.460018935727185,1.09677707642579,-1.06308609114038
G,una,G.una,1.46814807224872,-1.20004850561035,0.603173429978742,0.490234635062064,-0.0667186441290838,0.0760863154887627
G,una,G.una,0.0907673041393718,-1.05726998783512,-0.719510831274512,-1.0449152297278,0.705371994695779,-0.693078057580002
A,una,A.una,-4.0603955568007,2.22782443034374,1.20744539578403,-1.27870516476021,1.67109927333086,0.230090119248915
A,una,A.una,1.44911781271274,0.383430289007663,0.726481436440002,0.371566459055568,-0.77976245944916,-1.33164136074419
G,una,G.una,0.873127123456844,-0.534382077637402,0.0179656181871518,-0.715807757534119,0.940462716206135,0.138258663344008
A,una,A.una,1.15971784319242,1.11522331426085,0.118251269607889,-0.597503289970355,0.243993901817559,-0.959384627273276
A,una,A.una,-0.280369332309379,0.271537513259858,-0.57532856342592,0.293985139384424,-0.661137055244473,0.441750388755118
A,una,A.una,0.319786220411951,0.536108865327171,-0.66993649134311,0.0334521135787265,-0.665691678659092,0.109680718402187
A,una,A.una,0.581210577444281,0.739594007075283,0.395447360990463,-0.361168579727515,0.371963455164144,0.0611894536219601
A,una,A.una,1.86703623913479,-0.442609970232887,-1.26940002388089,-1.08099218043767,-0.716909369296715,-0.483875163095928
G,una,G.una,1.70780242039684,-0.432870114797996,0.235712685305576,-1.06395543183919,0.240597279418945,-0.583600734780744
G,una,G.una,0.144917407981503,-0.945654167937533,1.18032119235687,-0.505840062757415,0.256880033346111,-0.190851384340774
A,una,A.una,-0.264785807315036,0.2129565527882,-0.979349468774406,0.178605319757569,0.521088537027349,-0.863598101495842
G,una,G.una,1.47861441478746,-0.288566333829294,0.0835733082948927,-1.20240467013681,0.346908164334115,-0.441019842113891
G,una,G.una,2.84145619571153,-0.47981629373696,-0.136863334646705,-0.788872347986191,0.205190921171503,0.0707105120818606
G,una,G.una,-2.01257788897231,-2.07044374416788,1.4896372076452,-0.0751573807439619,0.0946229287833921,-0.0218178052398407
G,una,G.una,-1.69228118510199,-1.61997740761708,1.81775825784333,-0.336117495370715,0.438630413265189,0.854329157932698
G,una,G.una,-0.597108371822786,-0.934085158296515,2.02984468683675,-0.646737244888089,0.569822246444954,0.688632729634405
A,una,A.una,0.545698500526232,1.1076267042967,-0.00880814433770995,0.0560739103902582,-0.435937763444092,0.394746743307169
G,una,G.una,2.50408701457503,-0.954825661313089,-0.0320237918559641,0.354135911311197,-0.0940210822207946,0.0578369772892121
G,una,G.una,0.666885041250994,-0.726774380829677,1.10669481198103,0.665399128995799,0.0145013464175885,-0.465956338661166
G,una,G.una,-0.300806028182259,-0.407876251384973,1.10825921287092,0.103811937033865,0.89058527567924,-0.315245856928471
G,una,G.una,1.06348851476616,0.568575499461645,2.37941184519904,-1.37247695367032,0.927710111094639,0.356787625252573
A,una,A.una,1.8472819446384,0.137842470632232,0.464957297410228,0.172847941705317,-0.548850656433589,0.160278342012862
A,una,A.una,-0.091784184798307,1.58931931522095,-0.940163644851123,-0.219495811617473,0.0278561667565759,-1.07237428873905
A,una,A.una,0.378278980819171,1.3506317177703,-0.169016504503932,-1.08854278343572,-1.80008114552049,-0.381657109276507
A,una,A.una,0.499652906710713,0.194976213684174,-0.497202750793761,-0.977198019492049,0.26057689431052,-0.0690547230519423
A,una,A.una,0.745465123257242,1.79405478924121,0.0954985167884567,-0.20048301209128,1.17272634005371,-0.0361359090042491
G,una,G.una,0.217222425302251,-1.2136422592341,1.06083861726891,0.739398914828442,-0.118474190865935,-0.551117102541341
A,una,A.una,0.229018808227085,0.49446524508399,0.722796051549992,-0.533838197715826,-0.908379548323103,0.956618425654664
G,una,G.una,1.98021090881115,-1.28750963544013,0.108650358169209,0.782967730403926,-0.022884190696549,0.957919171492957
A,una,A.una,0.921940889058706,1.79093411636734,0.427518185365829,-0.614190731175681,-0.145035686471497,0.365804639816119
A,una,A.una,1.0855199210743,1.13809021927992,-0.0436779869725725,0.378324083052171,-0.481913362335737,0.619692058153094
G,una,G.una,2.38657726013862,-0.356183663820885,0.257395697300321,-0.328521470829693,0.0542337974945196,-0.712648280818174
A,una,A.una,-1.57872655237354,-0.34612934171504,0.818232497840423,0.0604532619629521,-1.22882578116731,0.305283207851351
A,una,A.una,-0.131219567847559,0.0206372782341927,0.906374509742656,-1.09894579171846,-0.281231576945993,-0.326980555227541
G,una,G.una,-1.00633531778492,-2.21277620957082,0.947243489488154,0.62420793403519,-0.0706145723782991,0.474253899715384
A,una,A.una,-0.229648152723794,0.904137841434379,1.02377795199162,-1.23763264681021,-0.763403412656356,0.270465755722854
A,una,A.una,1.45459240037332,0.055560641767961,0.658852586262368,-0.465169609477227,-0.308010034493679,0.702692993391885
A,una,A.una,0.971432040773274,1.53830279727653,0.155004004698555,-1.0714796967165,-0.0353337895166976,0.940150948649725
G,una,G.una,2.0466295590078,-0.789447313731182,0.799358108066606,-0.161916457789587,0.346496281588469,1.15050324594475
A,una,A.una,0.531854944687311,1.3548015563707,0.261006626306986,-1.28906242781657,0.0348407991888134,1.14761458251991
A,una,A.una,1.35113012380435,0.530592362917886,0.163778780005625,-0.86153120027317,-0.849071987716582,1.49666201349301
A,una,A.una,1.74727721190012,0.636142532720122,-0.183594961891664,-0.308750516396007,-1.28121805933749,-0.0257592408787672
A,una,A.una,0.257150082923091,1.56613827634455,0.529542233317098,-0.850024855072941,-1.67376220065768,-0.079677672534971
G,una,G.una,2.3337640525657,-1.33316799162824,-0.193569992624393,0.847537299287656,-0.18254909881193,0.517707905535805
A,una,A.una,1.31690131104332,1.15609654534777,-0.508241752920931,-0.974783112191942,-0.112115408336698,1.45584133354617
A,una,A.una,2.06364370950603,0.467337249475444,-0.342268979848997,-0.168870341957853,-1.24653023666251,0.644542808312821
A,una,A.una,1.96523392259556,0.636508454562596,-0.143591315788111,-0.789978846862344,-1.01286637829451,0.942205590735371
G,una,G.una,1.92077787955244,-1.25012917916585,0.110110550039445,0.137033266063882,-0.0336411584733902,0.304852615195129
A,una,A.una,1.75250302065088,0.63235589447732,-0.326195390894735,-0.680902262749453,0.404437621562859,0.729614737343913
G,una,G.una,3.51164792855655,-0.861724675565846,-0.52384979286825,0.651373749410112,-0.173207299218444,0.307639235114845
A,una,A.una,2.23512743469519,1.67119849777049,0.667759619695861,-1.21418067330525,-0.665075257091043,0.783752795464374
A,una,A.una,0.689025266255905,0.289303852569999,0.314654165342603,0.00804654542917055,-1.09452459874481,1.06139792834045
G,una,G.una,1.92714037544,-0.58028216186387,0.686251690694749,-0.489760617304374,0.332657909370768,0.51126613863551
A,una,A.una,-1.68281204121554,-0.226515083744573,0.47356726886057,-0.861884952739002,-1.22673979019376,-0.563553088811783
A,a,A.a,-1.36675577722595,0.712217227055609,0.392537241654756,-0.553983149686152,-0.44919031897123,-0.483506676427987
G,una,G.una,2.20975916664162,-0.189842666993515,0.783271285066168,-0.733651963917718,0.468904848732322,0.525972318336468
G,una,G.una,-0.142808001467291,-0.346697676486231,0.774589167300748,0.50107849392007,0.810537545416868,-0.318998309548512
A,una,A.una,0.624199110046022,1.31724159494539,-0.0435731469543195,-0.62308038540375,-0.347361197038702,0.0194011806594077
A,una,A.una,-1.69117534717344,0.402247019991117,1.52069647990443,-0.239639455066593,0.630600188170847,0.695501956986402
A,a,A.a,-0.524755531509754,0.516619265340387,0.856804069068489,-0.400953589420921,0.38810685218022,-0.136545465656517
A,una,A.una,-1.62090835977681,-0.27387793031698,0.469897252487035,-0.136657394652808,0.315562857345398,0.452193787605876
A,a,A.a,-1.01104390804981,0.684720215938147,-0.48121172920259,-0.515524619158878,0.910079942499363,-0.61808640070356
A,una,A.una,-2.09787901941309,1.48618697865145,1.23630091654398,-0.30478779867645,1.21064618751569,-0.912535355972104
G,una,G.una,0.408592130665375,0.408017455075816,0.756724702287357,0.177061320429762,0.832904769961542,-1.27456345965501
A,una,A.una,1.58893569190689,0.0516416155743605,0.0922112947820199,0.0277566077884664,-0.662520340841145,-0.404430050861148
A,una,A.una,-0.269324394954559,0.723767802494589,1.24725959743784,-1.08735236686045,-0.564845373598303,1.52085403378448
G,una,G.una,0.299673850802137,-1.9585453500962,0.179924676421797,-0.00392297873525953,-0.082559477501649,0.253122673380576
G,una,G.una,1.49191657546833,-0.495679094820954,0.4517096812201,-0.928922604386964,0.218781028555926,-0.627160124589684
A,a,A.a,0.352161329221544,0.297223929033071,-0.170153608213178,-0.386872496314843,0.201523337806914,-0.140334619555847
A,una,A.una,1.98704359163263,1.68825127375414,0.668243055801033,-1.5875360263395,-0.637625580475564,0.488247894996563
A,una,A.una,1.15491661182515,0.917386187153671,0.447275917268765,-0.950899027192034,-0.815290869924323,0.919700824337625
G,a,G.a,1.76232706404691,-0.435738468037351,-0.297105107453581,0.00521905637993142,0.786555692933366,0.282242077496939
G,una,G.una,3.71043955871897,0.785874901955602,-1.56247534340861,0.486433729613571,1.39240604305309,0.215787220692284
G,una,G.una,0.0572021224891631,-2.34342077042149,-2.45514257310061,-3.05338558959359,0.0938160835549437,-0.376880157792239
A,a,A.a,1.36692944149906,-0.0433271576067958,-0.0855333210344226,-0.913745703480368,-0.521220354665313,-0.417072323078332
G,una,G.una,0.147502983233825,1.41456014124461,1.19398791769527,-1.54669616288375,0.0743403741859421,-5.11124288596509
G,a,G.a,0.047806963343635,-0.37763888503789,-0.436994075401455,0.936185485384246,1.22664611862486,-0.347024572312101
A,una,A.una,2.2978332342874,0.325139185534127,0.395406041996504,0.223954014624207,-0.505975215068667,0.348604968465283
G,una,G.una,2.31098542011012,-0.493647749959195,0.226858445515925,-0.84441942593159,0.347118764646842,0.429704239166762
A,una,A.una,0.470456603036279,0.15046040156972,-0.543194891810584,-0.846765310604047,0.242900367338569,0.0117792504275401
G,una,G.una,2.59322391823316,0.954397598778333,1.796037634652,0.452951127972165,0.256472370998061,-1.14511994721811
A,una,A.una,-1.48363758058156,0.449614070018811,1.41676659651413,-0.95913890669721,-0.757483815459957,0.553361486154056
G,una,G.una,1.48511765488026,0.055838451761578,0.926151461433736,-1.53957781127136,0.643482470142728,0.0494369451991641
A,una,A.una,-2.36774872330718,0.594438536412314,0.941347657974912,-0.722711889132833,-0.220664741342071,0.108859603446892
G,una,G.una,0.634653243415431,-0.322743951302848,1.31649685717575,-0.0968182206308965,0.161659358169703,-0.991192375378783
A,una,A.una,1.71950918456808,1.40014804243685,-0.235330360967472,0.770442535455772,-0.645438138751447,0.0986145590179723
G,una,G.una,-0.156788812092397,-0.850226725936888,1.08118390930514,-0.36059772814087,0.0565943063399928,-1.25737369071802
A,una,A.una,-0.349369656837248,1.31010565261335,0.403306469380027,-0.225120731101671,1.16591584985389,0.0609917342653968
A,una,A.una,-0.161151191584664,1.77233054976104,1.01014339339114,-1.14018057388915,-1.49922637081281,-0.0355812373283076
A,una,A.una,1.4455735800072,0.965186596612337,-1.97640693135178,0.989692093848931,-0.294525185598536,0.0631868218263049
A,una,A.una,-0.581468624839472,1.05659649964094,-0.776689065968454,0.531959881471848,0.152788384116248,0.627573562298494
A,una,A.una,-1.54438728183066,0.39314389363699,0.0910938497607397,0.411334654017347,-0.663636026658482,-0.292544293443488
A,una,A.una,-1.2681599185755,0.812244347427765,0.346244525502627,-0.475440849246901,-0.392515870972568,-0.234221339719204
A,una,A.una,-1.99118884220241,1.07061938351171,-1.95600148176666,0.107567922163768,0.466532856716329,-1.29754189217256
A,a,A.a,-0.200056581216926,1.59261169988406,-1.80226933639206,0.560928680279872,0.577392407442681,-0.424542911311954
A,una,A.una,-0.767062183855877,1.38527022294093,-0.486730321834926,0.633774669017374,-0.0401845446451463,-0.796106255347234
A,una,A.una,0.0735554666596618,1.98949447582548,-0.142905392203003,-0.91328711405497,-1.00964754455878,-0.213713412982614
A,una,A.una,-1.39878029456646,2.52841966143076,-0.451784583706775,-0.425496189956587,0.963811973511531,-1.429567039867
A,una,A.una,0.0512421080275685,0.897610216448841,0.491320981706517,-0.822219156452988,-1.17670751890756,-1.12667835141845
A,una,A.una,1.00043168397886,2.2428756619615,-0.337242856170281,-0.561051096381642,0.506768321969443,0.354366537365964
A,una,A.una,-0.347660956134135,0.876565154207918,-0.257284030470435,0.213025515129533,2.33051711392657,-0.31732028920766
A,una,A.una,-1.77472202920815,1.47252483917942,0.221828575081754,-0.946096468380744,0.567981580045102,0.144093610925168
A,una,A.una,0.0664120245915612,2.74410536664321,0.226174756632815,0.675014029816225,1.18744898029122,0.678068861855853
A,una,A.una,0.564334080917276,1.33316108747331,0.0726378006251137,0.970602577917366,-0.871184642439492,-1.25646125240676
A,una,A.una,-1.67498632100472,2.01385943268547,0.414817740294696,-0.127555166251892,-0.0955822976154529,1.18068803963926
A,una,A.una,0.183772024809075,1.21560460482494,1.05568538962682,-1.74490068322856,-0.734463342021552,-0.269069845344373
A,una,A.una,-1.49724991291963,0.773739582734252,0.673541644364357,-0.449232586152238,-0.305554819356202,0.0904364942721247
A,una,A.una,-0.440625298154581,0.0526393814967283,0.0553503240691509,-0.170893997524542,-1.47032423093986,-0.953427323717782
A,una,A.una,0.486286896179517,1.68143801021023,-0.92000171232107,0.432807402658914,0.0170630862461961,-0.490503970885394
A,una,A.una,-0.367525920578603,0.183644125309748,-0.92607795668169,0.524537110605838,0.571020881475393,-0.355840028996485
A,una,A.una,0.251045670790621,1.14783212641355,0.118900540627865,0.131589862568344,-0.449748528525394,0.189748928793065
A,una,A.una,0.28184543443199,0.752606202252398,0.615669706269768,-1.11283408078901,-0.843981215970089,0.487624956379856
G,a,G.a,1.38092247874556,-0.228192475321582,-2.37822249721846,-1.61962087475494,1.40141198332741,-0.832518321790325
G,una,G.una,-0.412609519007736,-0.84439445900152,-0.281176740792115,-1.22165494039174,0.851419593512403,-0.726185753699823
G,una,G.una,0.282412358489961,-1.99196652168714,-1.42183525939348,-1.92619055210897,-0.131967672422868,-1.15433931042764
G,una,G.una,0.55973705035834,-0.597840939921342,-0.18559405239795,0.377352900933837,0.526884913639271,-0.940844470004387
A,una,A.una,2.35965382149446,0.147589722455832,-0.407561641724458,0.0244017408213272,-0.78066390807181,-0.682676298966104
G,una,G.una,-0.468703208536555,-1.07408711745582,1.68597644591291,-1.27829675848491,0.508581229856072,0.19838391271301
G,una,G.una,1.89319839973784,-0.494660228720466,0.373054383663485,-0.506793074266486,0.14021419628957,-0.482138021136353
G,una,G.una,-0.999824854033166,-0.634200288626579,2.27117901679842,-1.1764669463727,0.617910622612233,-0.134410156405109
G,una,G.una,0.0675321107156482,1.47196282401992,2.30478851182306,-1.75965846465891,1.91219791136936,0.382322238114429
G,una,G.una,0.301745300085983,0.629226781846038,0.918698032358315,0.514778577061689,1.65371154318415,-0.214725401569508
G,una,G.una,1.78978434132389,-1.16096410843971,0.118016739346056,0.602101446041059,-0.228566276061103,-0.422509069240158
G,una,G.una,0.458098245628191,-0.965634570691903,1.27173790954007,-0.383680571749851,0.272394809764311,0.11449933995885
G,una,G.una,0.575530936082068,-0.749336886419388,1.16011474323659,-0.870593578216343,0.494489109109398,0.558075490842252
G,una,G.una,3.07842107448171,0.338074945294573,0.783458073389548,0.0743582728022076,0.204415696498379,-0.44795532760091
G,una,G.una,-0.435452117068733,-0.330472433292707,-0.429181197802522,0.24806844940593,1.30811998014358,-0.77724152673615
G,una,G.una,2.04088741957379,0.118533170037384,0.682533889395911,-0.594123719964216,0.149135467167204,-1.35155787402295
G,una,G.una,-0.377217959192205,-0.830804563330528,1.22764455592039,-0.924290302468888,0.242693372439055,-0.974467416591352
G,una,G.una,1.35612368510356,0.547718506042955,-0.50187689629991,0.572320324410144,1.22839688045138,-1.35233636050709
G,una,G.una,0.657462333630228,-1.06020220931591,0.605530763736334,-0.00262141447077785,-0.093496850032882,-0.967314404753088
G,una,G.una,-0.721959755278479,-1.19298608122009,1.2575538427166,0.138874672780773,0.149271531210527,-0.207487138772982
G,una,G.una,-0.222083394267062,-0.145920582952338,0.957497780468444,0.0186397699095452,1.12186608652528,0.431498720951133
A,una,A.una,-1.16847345401003,-0.968969366152889,0.0764913036258135,-0.105696983675976,0.638094316597695,-1.04859609299379
A,una,A.una,-0.816453972411579,-1.41190969612394,0.833930940951061,-0.268824727200558,0.0311971843880478,-0.751009495980184
G,una,G.una,0.621080644603699,-1.57405210592287,-0.921816771363435,-2.02686204038683,0.217423021233863,-0.108761716017976
A,una,A.una,0.365880121412911,1.976370572501,-1.17538956622297,-1.63773898594797,0.46003165436696,-0.452003826450508
G,una,G.una,2.40991685013345,-0.364445574220677,-0.987733326646564,0.829964684112603,0.430830045686644,-0.429361247562197
G,una,G.una,0.0777436688600628,-1.44423484506327,0.778566415041147,0.21762596529885,-0.0343061697747104,-0.254501248633906
A,una,A.una,-0.9446757988038,0.946051226099152,-1.22266374539743,-0.634431451400989,0.0869184014905357,-0.534260432396689
A,una,A.una,0.402505936098417,1.25115352755418,-1.48122872127918,1.20602873521506,-0.393665753607136,-1.1485466819425
A,una,A.una,0.473493583458053,1.56991957131661,-1.87040067922367,0.367509702212896,0.818657423480212,0.885876906830704
A,una,A.una,0.432077365824479,1.25068908445753,-1.36282193086163,0.313272771657348,-0.0457421908013068,-0.22743075074487
A,una,A.una,-0.121505229632626,2.20135658238066,0.205927536688297,-1.20305935660761,0.817389188698003,0.802886308257315
A,una,A.una,0.259514324131354,1.31933416446185,-0.831230295473483,0.246197301136507,-1.37743482438096,0.109599999516169
A,una,A.una,-3.00570749349441,1.12655857728792,0.449894546984498,-0.916278751606098,0.516425784825886,-0.151614261862658
A,una,A.una,-2.79931736091366,1.20966025636918,0.168825160417585,-1.46483567797297,0.569464615231717,-0.312835641036935
A,una,A.una,-0.805247938016363,1.08708471678877,0.373774662496135,-1.14681236742587,-0.122249323226433,0.316553575137374
A,a,A.a,-0.813665919173735,0.427409042621663,0.00322389379008402,-0.515075703181396,-0.471674053827886,0.134225567509196
A,una,A.una,0.22545498791942,0.471347907174327,-0.565101711321721,0.532146033701555,-0.77544585061389,0.0183647414008925
A,una,A.una,-1.48894838413749,0.905712934144417,0.150616887761721,0.086566952289195,-0.875250778320749,-2.25468869116352
A,una,A.una,-0.325665652191529,2.51578099324373,-1.01917925669955,0.233921064324354,0.892102919809062,-0.662264756025286
G,una,G.una,2.26569870927501,-0.649069927564069,0.0705112441187348,-0.353785243350692,0.137414716467289,0.0547421217474304
A,una,A.una,-2.27718644685873,0.757312502159055,-1.37653474679607,1.16709415044242,0.550918412192387,0.150818322678819
A,una,A.una,-1.35604772199863,0.915778752073179,-1.28314382565586,-0.325695217412651,-0.0401924187538066,-0.999686895941906
A,una,A.una,0.539842577896386,1.72023241197459,-0.718621512608536,-0.386826443158364,-1.23389616337933,-0.176866351077328
G,una,G.una,1.03720081086908,0.533541426550089,-0.635771016711528,1.86157660790901,2.03958408594511,0.738247061540578
A,una,A.una,-1.73746833832171,3.09184966552813,-0.0293141454720906,0.820686169723304,0.209954934362324,-0.731991142403029
G,una,G.una,4.27068411112047,-0.574839510175419,-0.415463501026879,0.941471930232184,-0.313304689718582,-0.235584552322221
A,una,A.una,-0.811108954384486,0.769266869861124,-0.13877441584577,-0.769147262230469,-0.548805707571728,-0.872007712279559
A,una,A.una,-0.51902752762953,-0.155975336599857,0.104899829624804,-0.131629312426813,-1.46469122123232,-0.654302989284106
A,una,A.una,1.99602011219589,0.708646360819768,-0.200541420418575,0.998757359308657,-1.68480763034686,-0.883934891754366
A,una,A.una,-0.605130182765952,0.0604569955240688,0.329262932752185,-0.680539344631638,-1.20697151368229,-0.247565897315793
A,una,A.una,0.318578714649179,0.329344239747448,0.548587852620838,-0.0437913207431996,-1.22099786381496,0.160026970330612
A,a,A.a,-0.612738692108744,0.250237907550623,0.727251406889372,-0.497944531152829,-1.08266888156963,0.146569758260199
A,una,A.una,-0.636477031465309,-0.23859385548958,0.249219241169902,0.0196617306339869,-1.44701417386757,-0.41362639531284
A,una,A.una,-1.07538414908962,1.69164954477444,-1.15915145635672,-0.0339973998742255,0.857463209605352,-0.198052593409971
A,una,A.una,1.29082024450982,2.62948193087593,0.126967887190647,0.0517889322997424,0.379140769445819,-0.267582138267498
A,una,A.una,-1.3063457953585,2.31038830632279,-0.136696579753002,0.978757862897846,0.795532111350736,-0.826938383376779
A,una,A.una,0.399045963056221,0.690636819688085,0.387295821389409,0.48997609523094,-0.042930907398848,-1.23270679664619
A,una,A.una,-2.70667436988813,0.543238437390199,0.750622513591963,-1.46693653826748,-1.56736489023693,0.0793758672812118
A,una,A.una,-0.363405724668976,1.6076878047142,1.01229825402295,-1.2578221177822,-1.44382027741372,0.275177522065899
A,una,A.una,0.494344194307606,1.42059233744357,0.505259049814994,-0.585947427810346,-0.1456362793647,0.699562899971407
G,una,G.una,1.47429080391009,0.914927454407903,-1.30111368897241,0.511798300486107,2.05486965971719,-0.483052185812077
G,una,G.una,1.82340307088104,0.0396561528893617,1.28100656990861,-0.0453191033466498,0.276257463607791,-0.409938055953554
G,una,G.una,-0.0780576515423098,-0.968943168835556,0.988581207617363,-1.29039834726006,0.375646506907003,-0.277521416004651
A,una,A.una,0.197749415203659,2.0277939673907,-0.23050237431435,-0.603351376323846,0.56806532052383,0.560158668397819
A,una,A.una,0.927794998517528,1.27439019652093,-0.957752648575265,-1.2408697233037,-0.472959036267243,-0.701318212104234
A,una,A.una,0.426811666099374,2.55992511586884,0.506926952732368,-0.235383919006589,-0.978577099822953,-0.289227210677386
G,una,G.una,1.74208073772915,-0.636412381058352,-0.101993314762499,-0.757109987808375,0.0179033181784707,-1.03310104838587
A,una,A.una,-1.53460513327031,1.10683197092856,1.06018232804768,-2.47001676129341,0.741723635725495,-1.38144436548479
A,una,A.una,0.71277411542433,1.81536970433408,0.926200119972584,-0.565485380334531,-1.61590756067781,0.18446882679874
A,una,A.una,0.409468695342316,1.79417531735,0.497077257602283,-2.03654985673373,-1.3106415318447,0.447718963937785
A,una,A.una,1.19339251533365,3.74400518619648,-1.38094167010998,0.0551311290010825,0.345877600535693,-0.118201707421387
A,una,A.una,-0.72669207729242,0.257766079499781,0.304740160251632,-1.60828134054893,-1.03092498799794,-0.472918880175703
A,una,A.una,0.906514137139738,0.226014016399428,-0.615261147481468,0.139561301232755,-0.198011513647914,-1.2039541076591
G,una,G.una,1.24965064963514,0.107919108524043,0.441654908373336,-0.237702139888142,0.968307680399724,-0.153095755603152
A,una,A.una,1.33492433641754,0.799873642134759,-0.987140319575049,0.347241694773259,-0.712835101273709,0.258988974437007
A,una,A.una,-2.53707203580537,1.71707509044838,1.08707021238306,-1.65561354794518,-0.59209982895928,0.229351498336133
A,una,A.una,-1.47381624433457,1.58212090075351,1.06606967746729,-1.62113652673937,-0.0344301758697495,-0.742626496737149
A,una,A.una,-0.968549525141146,1.96836148730896,1.54594494517989,-2.37204858634108,-1.07215607303346,0.293893828548929
G,una,G.una,0.812858795845171,-0.622731514798654,0.891904846164781,-0.0433020866231106,-0.0448872563419346,-1.36268460515656
G,una,G.una,2.66592373096458,0.359182031597785,0.502714742124857,0.728354729370066,0.862431726586972,0.339766310787015
A,una,A.una,0.229276963237326,1.47952252812676,-0.0837321231452258,-1.2883117725555,-0.237503201040763,-0.366351912346223
A,una,A.una,-0.268566803087769,0.943413596954561,-0.397887448464608,-1.2117688979299,-0.244596612694789,0.259994384642525
A,una,A.una,-2.86544036978416,1.50316239260719,0.377173822167575,-2.35437414725378,0.763427448830296,-0.581659843675807
A,una,A.una,1.39884752589418,1.12628755489995,0.172404538619916,-1.36254907903603,0.574334131767473,0.0642093806526595
A,una,A.una,0.858302643532907,0.458581683337893,0.484690389029876,0.575535003957488,0.170219937142923,0.331889097514589
A,una,A.una,-0.383694509282638,-0.300688640985009,0.97853760069386,-0.375121939536367,-0.572860077353455,-0.812533955420057
A,una,A.una,-0.176717150837802,-0.484844992252127,0.160071761097351,-0.0586703238698001,-1.2334798786943,1.08029013143224
G,una,G.una,-0.68818490249243,-0.727172630951263,0.336238060249805,-0.260346407459742,0.638530791371912,-1.36673012846725
A,una,A.una,-0.641905053972074,0.0346728978500218,0.319171949538913,-0.899361456926545,-1.09795899582304,0.117649443137717
G,una,G.una,0.583793404716059,-0.904890330126366,1.178916725424,-0.385226063151327,0.309324248947524,0.278465729249788
A,una,A.una,-1.49213614704218,2.21571591969651,-0.325973371357335,-0.319725979788829,-0.408526028110995,-0.506954248118797
A,una,A.una,-0.539310853280109,0.00354247768319013,0.243724725892961,-0.0241445053593182,0.120898135382561,-0.280427757509171
A,una,A.una,0.52888996049937,1.87302840517521,0.703370905718277,-0.057928966324098,1.29667787812624,0.343373640770942
A,una,A.una,-0.771138294740612,0.639388005943833,1.45727530010013,-0.728548671146457,0.487454188632489,-0.327785516418753
G,una,G.una,-0.434265379116975,-1.01141624909586,1.27050455248661,-1.34034608491074,0.446663005564585,-0.1263999375546
A,una,A.una,2.15704197356664,1.13968406543149,-1.36734544965409,0.297737181986713,0.679754475328586,-0.209960051617999
A,una,A.una,-2.51383287001671,1.08826786344141,-0.857059331438399,1.02843732912442,0.670538497246799,-0.049272403747411
A,una,A.una,0.797915722521501,1.47196213857399,-0.957425446202348,0.556437785235758,0.0975766842936167,0.411690774927546
A,una,A.una,-1.23278074847558,3.08116146747759,2.26818124784561,-0.273339066095704,1.00743640744755,0.373546231691162
A,una,A.una,-0.257673623112091,1.216973404704,0.469020002432256,-0.841320273650069,-0.131092329879219,0.544678965277892
G,una,G.una,1.17428797979349,-0.38726863756854,1.43229193881628,0.115396663065667,0.209156123869563,-0.314262009572706
A,una,A.una,-0.248051259155417,0.748612782342959,0.279496726793838,-1.36002849638351,-1.0237421445289,-0.704222661521378
G,una,G.una,-1.12443437895297,-1.03528889492812,1.54184727090599,-0.566301826961986,0.199222925617189,-0.98171800816575
A,una,A.una,-1.64597268589208,2.19253600469328,-0.330720055975868,-0.541608895959587,-0.409191398039598,-0.720060853591516
G,una,G.una,0.946513774375363,0.154753185151941,0.583536164130855,-0.152618932501726,0.952992448434186,-0.373016173630306
G,una,G.una,1.29797685034828,-0.579490677146623,0.224387847533691,-0.701328723617901,0.12243148213408,-0.81511310411095
A,una,A.una,-0.624757081887515,1.68412215226214,0.870960062245591,-0.825809086875596,1.28556237568844,-0.578080793826242
A,una,A.una,-1.35976163736375,1.18382702727241,-0.738400228136419,-1.17464572038263,0.345474727669194,-0.33474934474926
A,una,A.una,-1.34175742751909,2.09952763640315,-0.305143021390917,-0.777357929403231,-0.114334979720109,0.738995103725703
A,una,A.una,0.316330962954343,1.9483918172103,-1.35833780310101,0.588496814374678,-0.688719621722904,0.208829955250466
G,una,G.una,0.373011732548439,-2.77744682346835,-3.69134702370945,-3.64400812364198,0.0319580465956098,-0.163932975069253
G,una,G.una,-0.118596880051668,-1.71150044415442,-0.142446696327513,-1.26037205734258,0.171780171783639,0.0149349012865705
A,una,A.una,-0.572524647699361,0.62953817365671,-0.413717069495344,-0.451577037076196,1.01276627688947,0.159594293944203
A,una,A.una,-0.687287627424524,1.92770050155267,-1.19736870459135,-0.404373918509414,0.991990489185356,-0.0133208514482569
A,una,A.una,0.0647254646142422,1.59361571432121,-0.658268978843614,0.551749388088841,-0.0287209320809476,-0.720191968048172
G,una,G.una,1.38673498770104,-0.349057823350858,0.297332456776157,-1.93860019690874,0.520716600548985,-0.213182752185215
G,una,G.una,1.20409563505556,-1.22089654458174,-0.221860513401596,-0.439995570793465,-0.0587880590186236,-0.537261452740264
G,una,G.una,2.08493603087645,-0.255035241721502,1.38535988125325,0.474238066019461,0.176620360838391,0.0175817819430433
A,una,A.una,0.145064232476762,1.15655322218086,1.11893719416952,0.806833139615772,-2.04215986772492,-0.111379400031696
G,una,G.una,0.651346522326782,-0.630041713298208,1.43389384585888,1.04423322033188,-0.15686381448938,-1.18671400972991
A,una,A.una,-2.34895393542903,0.638894949907959,-0.140556237035698,0.0474135158431424,0.203364739547753,0.192346249576597
A,una,A.una,-1.78188263808381,1.34377065772987,0.191620491349763,-0.838172090560917,0.533469284577588,0.245404483010205
A,una,A.una,-2.52387634476124,0.488724569919107,0.226646236005339,-0.46902721461402,0.425629815661774,0.885125867231785
A,una,A.una,-3.0677492310951,-0.312853328033897,0.733286160173659,0.176280677111725,-0.483352223803143,0.58240198472118
G,una,G.una,-0.735533497143327,-1.17905308768396,-0.048815296094971,-0.17508619414402,0.656004569065155,-0.534314740094621
G,una,G.una,0.0143969017825745,-1.58913596039723,0.248197744997651,0.24512404700475,-0.2055566724533,-0.761150075872196
A,una,A.una,-1.22205492646388,1.0168414132748,-0.531844359911131,-0.385112849023575,0.229989774384013,-0.00797249479900348
G,una,G.una,0.553118334656627,0.238717576934032,0.809180179220772,-0.525336786810735,1.09571444700816,-0.315836310146101
A,una,A.una,-1.03621988400449,2.06127453613848,-0.783890143217054,-0.727996057932262,1.18037178039481,0.2107170657441
A,una,A.una,-1.98997232665821,2.16684619689088,-0.779182882017157,-0.0884481318878044,0.329109390415764,0.415934473164282
A,una,A.una,-2.17806696636215,-0.163250844290192,-0.0206120170413145,-0.34836637676534,-0.651948985698345,-0.33067902139012
A,una,A.una,-1.01667462328228,0.108315739788683,-0.854078667642623,-0.524847579026557,-0.82966607257903,-1.04230316774585
A,una,A.una,-0.39827150962096,-0.393473533442061,-0.357068028375353,0.298189459319221,-0.186898031349029,-0.760685377096179
A,una,A.una,-2.81591251573568,0.537459139443098,0.764406547895062,-0.0666226233173256,0.835398756371044,-1.40831062782061
A,a,A.a,1.42792924967547,1.10516096841188,0.511258195358202,-0.453191317845214,-1.13856004765551,-0.37964934594796
A,una,A.una,-0.515135345704111,0.215890771964904,-1.09792598578119,0.401466370847676,0.695805122739624,0.0763243589525492
G,una,G.una,1.76492258673752,-0.419641010017398,1.54393357805841,1.61751755655665,-0.0483067429598862,-0.0653721955516246
A,una,A.una,2.69930656542211,0.202027697721505,-0.278152975413032,0.15558300052301,-0.672414129745798,-0.0252978211270608
G,una,G.una,0.636964821042034,-0.408420157960888,0.575850017194784,-0.199875408712379,0.955281676346299,0.240326499582594
G,una,G.una,1.45533157955643,-1.24428476068129,0.292904896581899,-0.137700820731049,0.183191486665346,0.882973762030022
G,una,G.una,1.30896972046696,-0.239012879548992,1.31726575854504,-0.21219007053455,0.300742773120832,-0.26491543430743
A,una,A.una,-0.300470072877351,3.01642008218646,0.291709600248034,-0.732243275164588,0.0204280890750516,0.460107314736666
A,una,A.una,1.04056736024748,0.629580359946614,-0.416043450179419,-1.11906732906669,-1.14732255703557,-0.267589581063163
A,una,A.una,-2.51413163588355,1.56004775898761,-1.13481908266621,0.780260381135493,-0.00287941765035396,0.229642245299927
A,una,A.una,0.613851445596075,0.467535287852418,-1.04433296911989,0.727574526498406,0.484232377011987,-0.571715121347707
A,una,A.una,0.336183546104486,2.01281024715031,0.829389534858684,-1.45049547876355,0.109891240587251,0.278307240353421
A,una,A.una,0.419427080236699,1.18840066637403,-0.576766459357798,0.829908065976985,-1.40665687213218,0.630218736208076
G,una,G.una,1.14915658778317,-1.03568688357467,0.243994727162217,0.0411222651268294,-0.0257887969812045,-0.364018103458794
A,una,A.una,0.62336339569278,1.17385288381424,-0.223074620904458,-0.418675335350974,-0.371783674526955,0.303438537539417
A,una,A.una,0.586042350010265,0.335215880026364,1.25468295978978,-1.08957077713315,-0.135270418374219,0.160631347916369
A,una,A.una,0.662542306184157,1.2561168018101,1.11684195216242,-0.828714803801117,-0.839770161806197,0.0972844464652689
G,una,G.una,0.679199347868784,0.154432104124297,0.426966152810854,-0.569198201039124,1.03043628065889,-0.413719488510324
G,una,G.una,2.10558590350046,0.959156156407586,1.66214282262123,-1.23869543636179,0.640694083730632,-0.859090452867341
G,una,G.una,1.59017509130042,-0.868991918908084,0.401188216497263,-0.939687782075168,0.353177827505995,0.56273363069063
