Species,EUR,Species.Attacked,Comp.1,Comp.2,Comp.3,Comp.4,Comp.5,Comp.6
G,una,G.una,-0.938512645282987,-3.472953312972,-0.76734698354033,1.37201010501084,1.49015696196079,1.86315519000355
G,una,G.una,-0.286278287499129,-2.63571729956487,-1.69537385385795,0.910012425327331,0.678243927828472,-0.15179739879905
A,una,A.una,1.37224253575558,-3.71429024704808,-0.207195831803914,-0.899492048477296,-0.485090455706926,1.30434298733789
G,una,G.una,2.58998506422796,0.238267778602795,-0.864426841352792,0.134528175525554,-0.333237590764314,0.357300548946708
G,una,G.una,3.35194483350188,0.540996026930498,-0.503136551690647,-0.482236810662239,0.0583624830164469,0.0533269187472165
G,una,G.una,2.29159887350274,0.888805827149608,-1.01199821402544,-0.0525611393577215,-0.193424494399732,0.269744641672104
A,una,A.una,-0.58729603187084,1.3868938667561,1.09393200244243,1.10902331107278,-0.291939699252532,0.615471101980057
A,una,A.una,-2.96042354239403,-0.314605180985507,0.362031028340537,-0.146581544663188,1.22598862225205,-0.633220180849
A,a,A.a,-4.4888485749526,-2.7600486766955,-2.87588216889515,3.04801192882488,1.27697742157936,0.880968217680525
A,una,A.una,-1.98869344340659,-0.0203831165811975,-2.96026532212487,0.207954784198728,0.944524242013098,1.25835705422519
G,una,G.una,2.51943321572108,0.185710670723979,-0.0658624321003458,1.37938052884152,0.564001368716298,-0.586798652162737
A,una,A.una,-2.86434920338132,-1.7651441132778,0.46761341800141,1.2634779576951,1.63680616423956,0.397718535622255
G,una,G.una,2.06172420337332,-0.159391775448464,1.35449593830583,-0.135280560551725,-0.252849031977476,1.02402117044548
G,una,G.una,2.6000026001759,0.481713121594756,0.340653087124113,0.0612884860961239,0.337227251648453,2.18365715116887
G,una,G.una,3.05235600605178,1.0920296935873,-0.400297104446906,0.0382950135751752,1.78990939552995,1.00722086943201
G,una,G.una,-1.23895702224742,-3.21919360305613,-1.41663192685003,1.39381711519314,1.97960795264895,-0.792231063395667
G,una,G.una,1.77521841665071,-0.0802692299255762,0.689966399937549,-0.472003938318477,-0.354846717243539,-0.23104808334164
A,una,A.una,-0.755006856401726,1.93985120427832,-0.0346778254391616,1.35844548107531,0.765388719071233,-0.282029199932095
G,una,G.una,0.122928981772067,-1.59599022008321,-0.459635580595028,-1.71731959204711,-0.310304558329321,-0.837744067865912
A,una,A.una,-2.40275999762757,0.625874593539811,-0.797832568211045,-2.17176508105512,-0.087166452282488,0.31175755070308
A,una,A.una,-1.77869351243293,0.490537093175187,1.24716250510762,-1.72764289900203,-0.171051674079001,-0.236924502639284
A,una,A.una,-1.87052569548292,-0.0559373645027257,-0.751814104029232,-0.492150917982737,2.305877232233,-0.285088940405402
G,una,G.una,3.65299464550939,-0.328681424096118,1.48812333543333,0.820702996978641,1.05414133368234,0.273909991761449
A,una,A.una,0.273898629147581,1.88984302680448,-0.89268696564691,0.641241891636308,-0.495669751664136,-0.183583486899163
A,una,A.una,0.809235066369764,2.21845738016707,0.733497179697647,-2.10408434738732,0.100432891861044,0.874495505870027
A,una,A.una,-0.454144927711417,1.96261099729016,0.324910650997097,-1.62446660333341,-0.786889195915065,1.13013789980293
G,una,G.una,2.32565933991969,-0.525027857360783,1.28567649070547,-0.708702186196134,0.116957444760825,-0.69922653997613
G,una,G.una,2.91779255590739,0.791320072235639,-0.502696062460436,0.0299453277883758,0.311617641396641,0.176776552816224
G,una,G.una,2.7579221368492,0.657945999865119,-1.18983552292684,-0.239261525278848,-0.142780067810557,0.550587960744742
G,una,G.una,2.64216063621508,0.545288505253885,0.89460462158901,-0.267708588232726,1.13006277104429,1.24369520596717
A,una,A.una,-1.18552125020738,-0.560305052324748,0.932634068011081,-0.281553039886268,0.854495002282975,-0.870160929522004
G,una,G.una,3.67559908264393,0.0763024521089481,1.37971794608547,-0.504020846415146,0.936373089919059,1.49599826934748
A,una,A.una,-2.68225555059824,-0.259990196468062,-0.442190513665839,-1.45005109521745,0.275364010209678,-0.883887213552642
A,una,A.una,-2.00029645470037,-0.247218138848035,-0.397189659093596,1.00323966127137,-0.572311103514908,0.0336302970900323
A,una,A.una,-0.473952918883108,2.73164208890828,-1.49777998046626,-1.06239526545493,-0.649940064174235,0.456720557182329
A,una,A.una,-1.12669022469206,0.695303387898664,0.59072553873608,-0.458928669740826,-1.86319556530513,0.877783811127189
A,una,A.una,0.362870518158571,0.462090898257583,0.948427353858968,1.41518771551033,-0.248756372499154,-0.333589841698013
G,una,G.una,0.392459098412479,-2.24995590168768,-1.76901271316308,-1.50304766998415,-1.1083747094308,-0.0278412091465405
A,una,A.una,-2.07059928063975,-2.4318199190072,0.279795638366413,-0.596603732801508,-1.25314104521414,0.881335907890557
A,una,A.una,0.615379039070567,1.86221083812885,0.125742713158616,0.691505350467237,1.1939123076871,-0.0579384333152619
G,una,G.una,2.21091070910944,1.290667352324,0.0765002725618218,-1.29971456274184,0.0516876869692009,0.575350954731064
G,una,G.una,2.90834914999642,-0.0833640347525192,0.179510002353719,1.09308729972789,0.301950395453425,1.12465030378657
G,una,G.una,1.64338130203054,1.74640479720443,0.0615124430962266,-0.371823227287544,1.74014662183317,0.118121852192453
G,una,G.una,1.89374999913879,-3.04022759234345,0.208518909340192,-1.97365388588842,-0.436878479632187,0.327430818830126
A,una,A.una,-2.85894675374654,-1.63809821767435,0.133655446337503,0.656985126425273,0.0807091211943411,1.24794998285701
G,una,G.una,0.159714580167433,-1.75563107956817,-1.3065645892043,-1.63034922565837,-0.638085650368255,0.289163796395697
G,una,G.una,3.73282362590237,-0.0635495745821452,0.586891132162214,-0.0832164645222821,0.271101662752414,-0.496429014830066
G,una,G.una,2.6750684175013,0.170355621684635,-0.0448665113444281,-0.134438868723814,-1.76855528246451,-0.000235929182929709
G,una,G.una,3.46558249649513,0.923280246650131,-0.856763303712099,-0.0183337685180341,0.869760321539979,0.295388616057414
A,una,A.una,-0.583807469363375,2.20869744964529,-0.860380722463967,-0.0513388954326044,-0.169373337493343,0.00243266952647574
G,una,G.una,-0.454872761744048,-3.46873547922802,-1.25130399888783,1.85673422676329,-0.50950518946633,-0.693596387408683
G,una,G.una,1.19708302084135,-4.10583424479998,-0.0940037102228267,-0.384843626835029,-0.85841461075668,-0.732323329581406
G,una,G.una,-0.158169882621732,-1.44639230952137,-1.42471394209642,-0.0913980575009721,1.81307891139751,-1.36077894867563
G,una,G.una,2.69712381603308,0.92566495536236,-2.19373260019563,0.589339334826261,-0.00969047190286629,1.42693313905272
A,una,A.una,-0.418361860082893,2.00592694154252,0.370333494539114,-0.713067822667581,0.555847877061987,0.663537814668561
G,una,G.una,3.19897668372867,0.773520352876112,0.301966232374004,-1.88556271147551,-0.17553336473668,0.439910297511252
G,una,G.una,3.04868781954112,-0.548274465911942,1.27284819623475,0.15093901089282,-0.318372084003576,0.196801559465418
G,una,G.una,0.788371896778266,-3.75586668866542,-1.25208842841945,1.186039723153,0.123785275008542,0.378107567899905
G,una,G.una,-0.431822034189971,-2.87858354238092,-0.0923039179807612,-0.0802792353435973,0.767592105399873,-1.82989644219727
G,una,G.una,1.87563662586235,-0.221169112993862,-0.197812497900704,0.241070981298469,-0.195715801370315,0.911189381620475
G,una,G.una,0.906693405493704,2.07282389273613,-1.76366368431302,0.63758770453361,0.7012774534045,0.605060175600792
G,una,G.una,2.74201841806649,0.651774633033667,-0.776393452832089,1.14680655177742,-0.0416540818489535,-0.403706489889493
A,una,A.una,-0.9064676419849,2.49601704302072,1.31601181098004,-0.693630302760429,0.683870804501024,0.028731965248017
A,una,A.una,-2.39584262180252,-1.18487134092316,-0.616059419038465,-1.18178664457872,-0.0657257692914569,0.550864185329146
A,a,A.a,-3.74342756004001,-1.39209097302488,0.331638080630799,-1.34491132133305,-1.11100187472567,0.769072936363397
A,una,A.una,-2.22163421507625,-2.28205878244014,1.33523212255599,0.878697748927434,0.503591669940016,-1.85015167529303
A,a,A.a,-3.52527573610138,-0.00132372549974585,-0.238663842630529,-0.544423754159449,-1.03878649639354,0.796617702131908
G,una,G.una,0.756615964683129,-1.96481477770236,-1.30954145600861,-1.77431633847154,-0.0244281300331245,-0.565121226161598
A,una,A.una,-3.05271222233546,-1.02124830974244,0.547697258760267,1.65837342487613,-0.383404284938795,0.844100709066662
A,una,A.una,-4.1178856430878,-0.940198557140725,0.308739266486165,-0.973517828638211,0.251827107281608,0.291215269097656
A,una,A.una,0.0477807007150022,2.30852998452888,0.513016266927709,-2.01079381930964,0.531463712829129,-1.85052774092979
G,una,G.una,2.5733592601253,0.201969900157739,0.127293901749802,-1.18624544909437,-0.700501659039773,0.759952024537138
A,una,A.una,-0.479188959712839,2.46491187217252,-0.325329686280177,-0.0543299436754763,0.143083593119628,-0.116974127709204
G,una,G.una,-0.0393443755959208,-3.17814531935959,-0.0702029371165462,-1.17913526898918,-1.33421822109451,0.554332932650027
G,una,G.una,3.18315609323831,0.586550845245762,-0.521367465426659,-0.106107473987488,0.301982782722355,0.0200938617219998
G,una,G.una,1.73113955947352,-3.17419512760911,-0.34529655744219,-1.22358121152673,-0.044606361771282,-0.628477500250482
G,una,G.una,3.80448935240453,0.444831064830202,-1.70391492603503,0.444911510535468,-1.3136408754028,0.243179239101383
G,una,G.una,2.50632100803348,1.04115013100758,-1.07767731788058,-0.204771125896391,-0.0378060422618543,0.155250153340611
G,una,G.una,2.24506140419855,1.13647227754132,-0.895199238764919,-0.0477825301564203,0.265177369572487,0.522333991500126
G,una,G.una,-0.474137308341747,-2.35248737762396,-2.69684688552647,0.285707881941189,-0.809926683567683,-0.785687463317452
G,una,G.una,2.12875771971098,0.198958962554377,0.511360176638574,0.243361422085484,0.269885584640795,-1.24140313609393
G,una,G.una,2.54277367384041,0.760791432777578,-1.11816556405124,-0.976363444726364,-0.625204322891767,0.087572846903657
G,una,G.una,0.877446248071066,-1.57973437469963,-1.20774398897916,-1.51912025566129,0.425994596289152,-0.630467588927045
G,una,G.una,3.0837090866851,0.452302827184338,-0.504321632542322,0.128750571050856,0.113918332723935,0.0419039320596518
G,una,G.una,0.0764841988713764,-2.50020423504048,-0.786873761104256,-0.701109311581652,-1.19897089260408,-0.77578773200876
A,una,A.una,-0.0335222449943316,2.54490508953638,-0.143170367307507,0.118126729576935,0.871367729615393,-0.390324818837256
A,una,A.una,-2.63480062125042,-1.10964078210648,-1.08658847992893,0.0680526098158314,-0.464660209506022,0.299869269454374
G,una,G.una,2.62696016371642,0.840936834954663,-0.710913479351988,-0.572340818141196,-0.517931544254743,0.022696724459434
A,una,A.una,-1.00675443591316,2.50267764230171,-0.861213029512344,0.491944922580368,-1.1286190686886,-0.869481911744499
A,una,A.una,-0.75995350425159,2.31143263260071,0.713374724175402,-0.237415081223231,-0.267411055007098,-0.418039317411573
A,una,A.una,-1.08888810989225,3.07959175699333,-0.686875417734727,-0.87057565155458,0.194383671499598,-0.507773708451878
A,una,A.una,-0.0149252836990593,2.68655436907942,0.0313151461144683,-0.698329360450675,0.586642080234772,0.00732908486414253
A,una,A.una,-2.26598296268764,-1.05282840969153,0.241301355558737,-1.45395403215991,-0.133607141934592,-1.73282731118447
A,una,A.una,-3.71351987886625,-0.721041094952605,-1.64734853405181,-0.520439098959186,-0.229835550377417,-1.5612225294925
A,una,A.una,-1.80820641587581,2.65486464606269,-0.359982646057721,-0.573207989514531,-0.677793407221927,0.406017809213076
A,una,A.una,-1.45129243108571,1.98064574083666,1.15096769196734,0.437823180700346,0.839258236851109,-0.965241988824245
A,una,A.una,0.457502837458629,1.66937283757861,-0.000490487571509109,0.303037991052149,0.61461016089219,-0.410639988017175
A,una,A.una,0.137603260061524,1.51506121509216,-0.484807860394414,0.20586608986432,-0.366014431554905,-1.71839036839961
G,una,G.una,0.273121420816087,-1.45246467776764,-1.99559893066729,-1.71401932189161,-0.0485625128812458,-0.174879323297105
A,una,A.una,-3.42873325478071,0.27271909449546,0.0988906095127748,-1.05009316234622,0.60780903792783,0.628796707477863
G,una,G.una,1.94177736735088,-1.91903359679892,-1.10603792946694,-1.88603169839895,0.221754669344431,-0.295054994618359
A,una,A.una,-2.5004496898206,0.48356712048392,-0.899271661985611,0.161776908932456,-1.10759409492821,-0.503481219886053
A,una,A.una,0.558960619183925,1.11630859042339,1.56053658451585,-0.469492893930094,0.360899232599117,-0.155930170031305
A,una,A.una,-0.739714471731486,1.36399834338825,-1.50958259265297,0.69685204519828,-1.4007974402245,-1.71729763260881
A,una,A.una,-0.264531848975818,3.27083901119206,-0.17642176854705,-1.59985961865866,0.140664759864771,0.308850265565478
G,una,G.una,0.768730579797982,-1.85970736658734,-2.51037116170824,-0.580487440142857,0.281439759807468,0.716099381199392
A,una,A.una,-1.01139526963948,2.29735702842048,0.468368757561267,-0.283266019235913,-0.188640277036348,-0.422900840681198
G,una,G.una,0.108637742699874,-0.969425966017311,-3.89432158877191,3.25247025927231,-2.10335903794649,0.99070021931405
G,una,G.una,3.44034964987627,0.944067084044583,-1.13982716752113,0.404434200598942,-0.0183101436129859,0.96758233842778
G,una,G.una,0.313120749050752,0.0353787797408785,1.04395543535532,0.576319967025295,-2.26252377031521,0.0885141600745792
A,una,A.una,-2.99057594587343,0.362609844013796,-0.583534208472606,-0.87619549236387,1.47850538679856,-1.20174611479763
G,una,G.una,0.674857660265305,-2.92468821292008,-0.609491405698342,-0.379529566935659,0.312554001158242,0.880422639684773
G,una,G.una,-0.806528651679495,-4.71321305697626,1.20092224004924,1.327169385935,0.595435261278414,0.495914717417792
A,una,A.una,0.647460546775284,2.21851665107792,-0.934965246110842,0.327291431244845,0.584604896938232,0.618666118825487
G,una,G.una,0.788065346640221,-3.66557831784847,1.09391599371775,0.980420269076626,1.44271224179982,0.786984031490415
A,a,A.a,-3.55544014448438,-1.4076885948338,-0.159490558985555,-1.01045012739233,-0.320768901103983,0.249982501662086
G,una,G.una,3.53684812004369,-0.469968761452212,1.69417982837259,-0.741366559360574,-0.0854947257344305,-0.0252653389704561
G,una,G.una,-0.00231230477221878,-4.38526043982617,0.133557261792672,0.990930069582967,-0.0467771840849257,-1.16988362188019
G,una,G.una,0.712790698645239,-3.84916717810941,0.876339299772651,-0.295958244450719,0.645461802459306,1.25744557701334
G,una,G.una,2.72461743085194,0.442202625026836,-1.37164295502137,0.784442002452582,-0.504836481691623,-1.30226716362669
G,una,G.una,2.1965986984316,0.748562571055144,0.105146157650938,0.530218942627196,1.08626690799434,0.351314324003883
G,una,G.una,2.64082987518909,0.584489791003008,-0.534797693067062,-0.0998087733045777,-0.261868369527689,0.0616319383749373
A,una,A.una,0.0618343012257282,3.3287194565946,-1.89782786457823,-1.07986349459826,-0.628797338997334,1.15694833614315
G,una,G.una,3.020623153605,0.854531265207892,-0.213788437870129,-0.372606857405192,-0.56597851776291,0.556005998728939
G,una,G.una,2.20926904917274,-0.514079073369271,0.41446888963175,0.0981827012051527,0.011767235304532,0.506528589119786
G,una,G.una,1.57344724418539,0.200554901368961,-0.191041642799808,-0.542791134546691,-1.05620513514482,-0.757219887491074
G,una,G.una,0.479953454159496,-2.78226861038629,-0.608632590960901,-1.42555750069347,-1.30068712884057,0.703893077802465
A,una,A.una,-2.17049387497377,0.309363581094724,0.347039696690328,-1.31109484935482,-0.871494701940186,0.72535594625504
G,una,G.una,2.62596648931584,0.438763606988179,-0.833756898648698,0.29115750440712,-0.672424234378695,0.265161747772186
G,una,G.una,2.73343972192985,-0.306475049301121,0.700441181984734,-0.219919098894832,-0.562386467258095,0.315978897061722
A,una,A.una,-0.677523732915027,2.60017477252401,-0.450531207448845,0.942175658775196,0.518562263579524,-0.0167020213771468
G,una,G.una,1.7029909854568,-2.5848764029764,0.734280478591167,-0.312841419893524,0.985620309261072,-0.152116794953606
A,a,A.a,-0.942225985053055,1.50031433300671,1.04141018361286,0.120711676872965,-0.348711318801863,-0.898190861569734
A,a,A.a,-3.77218129828126,-0.663515085219201,-0.317310699392935,-0.795377683585192,1.2854784635737,1.60444564398183
A,una,A.una,-0.650768776355237,2.52058351083087,-1.68988221083573,1.06514554287268,0.530115630422186,-0.841955936507105
A,una,A.una,-2.76767128561545,-2.07177373933112,-0.992283179837633,0.242973273354207,0.0594109917972265,0.901689536822409
A,una,A.una,-3.11236686351391,-0.833910394850108,-1.04639154029951,1.59160263010264,0.236784742636981,0.430275220377924
A,una,A.una,-2.28324768895094,-0.566438718332434,0.410486233666854,0.971874040138432,-1.08304664879403,0.872697616745131
A,una,A.una,-1.34138980423467,-0.0430951314717574,-2.29876039438067,-0.461607778601515,0.620713940869926,1.16838949015768
A,una,A.una,-2.14339577779582,0.0411162931411933,0.767287799013309,-0.563051922659673,0.174620065192301,0.100217224814713
A,una,A.una,-0.352497129510959,2.66367128831066,0.0381922351811147,-0.69901825315549,0.336560935979964,1.87659649265105
G,una,G.una,2.62724510923774,2.06300418806209,-2.33421641104536,-0.113924486553495,0.338391110232838,-0.148267448753608
A,una,A.una,-0.395340173610931,-1.41109153035352,0.296528276843713,0.352117272901241,0.259438878603829,0.834290377293785
G,una,G.una,2.89557033235454,-0.467988183517442,0.68572401048501,0.297024364308319,0.0561561230699845,0.509869207975054
A,una,A.una,-0.0218998133535623,1.77742025081832,1.03642278053637,-0.758189560347957,0.43452282957049,1.47892619101279
G,una,G.una,2.84490439740059,0.716949168622097,0.216824170534607,0.291822913112256,0.962071808639857,0.634047308121411
A,una,A.una,0.578384145594928,1.08676164082098,0.362579074413892,-0.205844025298544,-0.162893884352054,0.484020069825991
A,una,A.una,-3.03346661027017,-3.08230936310094,-0.06692642622048,1.91789616645601,0.60754517622433,0.683955661666436
G,una,G.una,2.88912249392236,1.31590716116526,-1.30221382662243,-0.982877207139593,-0.0367597644133565,0.744764466334906
A,una,A.una,0.209585399465409,1.92895130995247,-0.83733903997027,1.23641443831848,0.896998573819162,-1.12070701702689
A,una,A.una,-0.331386502040666,1.53679584353441,1.30015561782423,-0.430576533462462,-0.385350611878054,-0.991148466344333
G,una,G.una,3.53134299398189,-0.0120138374476416,0.266302931188285,1.11574092424694,0.236141388769101,-0.138635364703839
G,una,G.una,2.22389881104128,0.318754207567482,0.591882652239211,0.0848610004444699,1.19038623595874,2.10372165874236
A,una,A.una,-3.04885400494361,-1.75116947278453,-0.630832336218964,0.604372392057593,0.116692823935295,0.598427012978564
A,una,A.una,-0.446867133460093,1.31514378154117,0.725352836764153,0.934025631856317,-0.323296668347199,-0.380999208334414
A,una,A.una,-0.240068118445688,1.48676350923097,0.604920099394807,-0.290308818914219,-0.0121878650544226,0.340947095340624
G,una,G.una,4.00931095650452,-0.497359639364537,1.22092334956762,-1.07790887463565,-1.10754912954341,0.858911002611636
A,una,A.una,-2.66543015731394,2.69695893429216,-1.08253363706276,0.0970234535619307,-0.696910319568818,0.250549144974542
A,una,A.una,0.213226332997079,2.23473688176712,-0.381663669812236,-1.82319983478861,-0.547857130110126,-1.44595621191523
A,una,A.una,-2.76148177870946,1.54723991047766,-1.7381278151844,2.77771159520736,-0.204783295372431,-1.20682062711218
A,una,A.una,-0.787415877748683,1.57921402483789,0.892334574075948,1.03463819176555,-0.107388409907221,0.69354945468136
A,una,A.una,-0.636338998302946,1.55920511597173,1.20499458701236,-0.00373446774709521,0.456014711782361,1.50294709848721
A,una,A.una,-1.11221407086141,2.40784092262587,0.74543597105557,-0.921300139639859,-0.823488609643042,0.753027528529612
A,una,A.una,0.27676361430353,1.67010578902218,0.32474682668816,0.74354065495754,0.972471365793252,-0.757769399286029
A,una,A.una,-2.90222547343143,-0.354212325026434,0.139918659840134,-1.38787330008994,1.23853798923061,-0.150893611277318
A,a,A.a,-0.918396562878874,2.03829880428935,-0.400602052248015,1.07824037734746,0.147979589820958,-0.632630623098737
A,una,A.una,-2.24133485957563,-1.46119458930981,-0.0994913040141457,0.18684980428542,2.62871310141986,-2.52698947146009
G,una,G.una,3.12909348944339,0.278510702507353,-0.601285123975826,0.0753694253304423,-0.812089643834246,0.357733735941563
G,una,G.una,0.834362040549452,-4.06664231166274,1.62893784704704,0.18877297503526,1.3253360813337,0.380626034842613
G,una,G.una,2.0713974606486,0.78376483867929,0.552063526414187,-0.0711310581488686,1.1749828863855,0.0232259418480423
A,a,A.a,1.25473530432949,1.35771924722895,1.12135969447049,0.442662860880249,2.07576941528383,-0.0417036203249164
A,a,A.a,-0.0301194273593863,2.56605517102996,-0.168436778681782,-0.460545843598425,-0.0449292901043974,1.8984351007151
G,una,G.una,1.83086233803266,0.780953792945717,-0.843995188101542,-0.15810976607133,-0.0447510991110733,-0.491285595204618
A,una,A.una,-2.18990489916601,1.8687052703619,1.47678863311935,1.08719792819792,1.30039003512516,0.823653452584256
A,una,A.una,0.740365201578361,2.49016046635424,-1.40892989386725,0.0854722940248719,1.20752485771255,0.641318184888095
A,una,A.una,-1.67072507532655,1.89324156344006,1.5091641917037,0.564768186275686,-0.0993356093310021,0.687428557273757
A,una,A.una,-0.702655000754463,2.50391657621301,0.631230423226985,0.829061399105784,1.61300521703234,0.615050018667143
A,una,A.una,-0.793971674155353,-0.554138052990552,-0.818801354035282,0.221343581751821,-1.27372743453805,0.250446273162955
G,una,G.una,1.77682769917637,-0.46507593882865,0.830231285849529,0.920695778000151,-0.673603531714597,0.271088275871623
A,una,A.una,-0.811821192358827,1.908752446262,2.46969737202761,-1.42914038173989,-0.0809312516025904,0.0174879803532887
G,una,G.una,2.7073030587638,-0.0117114775520167,0.976920123643599,-0.434022174841164,0.161835909002953,1.6943541737851
A,a,A.a,0.408558234836216,1.57743496008401,1.18319449332932,-0.470467437760756,-0.177043400277296,0.760765809959597
G,una,G.una,2.11209761812234,0.502805501882241,0.219339196564214,-0.475239593080597,0.0970168859527289,0.344462570038973
G,una,G.una,1.0877600214835,1.3657456367883,0.112142594827943,-0.707963017279921,0.710980289256778,0.0538782022513828
A,una,A.una,-0.203202779756177,1.95551332520965,0.418586459150003,0.609583814315161,0.783298640457988,0.899823060387255
A,a,A.a,-0.236866119552721,1.70602876434892,1.02255455043582,0.276412655330421,0.969661451300131,0.0261953730871234
A,una,A.una,-1.9789499220097,1.75582406939472,0.708394124676811,0.285517678026417,1.06877767269588,0.860588048650885
G,una,G.una,0.190629877765252,-3.57129275058231,0.433450083882741,1.03344913787726,0.691870865735062,1.70687016626785
A,una,A.una,-1.86036997932437,0.743269527367834,0.31956026099101,-0.123782348766672,-0.780416426512855,0.924745756627519
A,una,A.una,-2.83340606328022,-0.899694449513772,-0.0926173553856833,-0.816090543704518,-0.300589615940649,0.55822016264549
A,una,A.una,-2.78581878851456,-1.14239376141208,-0.738057216796854,-1.66138684458371,-0.273621422683147,1.110132234906
A,una,A.una,-0.573945643131844,-2.95218788887412,0.893368606513789,0.413943445088391,-0.246856820308427,-0.717860544077778
A,una,A.una,-1.56034385459511,-0.767522572982984,0.157052832553019,-1.17347356358556,-0.0168965265394923,-0.840671421771284
A,una,A.una,-1.89379716578466,-3.98353354380854,1.31408183339716,1.04092291347604,-0.781775262489063,-0.0544859243937433
A,una,A.una,-0.486530544144575,3.15061338177689,-1.63786074816643,0.00162346287781892,0.38762172079098,-0.102855000548828
A,una,A.una,-0.0432005300862424,0.566960433242212,0.980476498331496,0.29691942868725,1.18741150135343,2.20706830297061
A,una,A.una,-3.48557319869151,-1.39210065932853,0.214186760860512,-0.136746586763283,-0.792041584018914,1.1457791939065
A,una,A.una,-2.25908235306079,-2.7487532097109,0.0189814189987313,1.20155266633528,0.966182771728058,2.21949846128022
A,una,A.una,-0.672007241359151,-0.0203599638027553,1.53536020887407,-2.33189878146696,-0.64388493657782,1.42338953719767
A,una,A.una,-0.533097936813434,1.41275532652453,2.17598084777567,0.0100254061981858,0.385705012328459,-0.0624635665640308
G,una,G.una,1.82068390942278,0.176377045674557,1.53874694362611,-0.768039157686242,0.290923623408454,-0.122090014929187
G,una,G.una,1.023033346777,-2.82609511178743,-0.216898918048748,-0.533306414079741,0.549055161015797,0.566919510213128
G,una,G.una,2.22693336055228,0.263244860462645,-0.218781554657668,0.90026062204475,0.293050387727836,1.06246396140738
G,una,G.una,2.49511349072429,-0.808332014039291,1.35941459082107,-1.17002634601813,-1.02429659996689,-0.0764182588622489
G,una,G.una,1.81375164667208,-2.05359881933201,1.9372355966766,-0.909461196259785,-0.153910473228346,0.569552346749311
G,una,G.una,1.91132506430597,0.511151082804458,-0.112966110337793,-0.0661464254832426,0.674663198910437,0.362936787931413
A,una,A.una,-0.63397778841427,0.175825206884193,2.33264532065413,0.561961922527129,0.433246703264141,0.150503533883626
A,una,A.una,-2.88081401028286,-3.30342803823951,-0.361866302907238,1.46883348714208,0.224150642817484,0.73816283023036
G,una,G.una,-0.854980017809815,-3.17390435889801,-0.935562079626288,-0.278351594617496,-1.00524511020352,0.975954944563248
A,una,A.una,-0.997153345383497,0.626258251176441,0.260203040972627,0.597767162785178,-0.637901440373247,-1.27601209384031
A,una,A.una,-1.95945554963138,-0.595358779078673,0.11179548511836,0.471990136073151,0.786546285367687,-0.289014328877554
A,una,A.una,0.294366769924173,0.984220089707138,0.315705962415884,-1.17881771699224,-1.32845034962628,0.914938484231692
G,una,G.una,3.50695933641315,-0.514454198525456,1.40314979652488,-0.636653258540843,-0.077259179551841,0.0824823678403139
A,a,A.a,0.0142208436435856,-0.107876954911778,0.688669514766609,1.08619607492248,-1.11150637478635,-0.336158436945503
A,a,A.a,-1.65426798049912,-1.08427082192208,0.0803416384500475,0.222996256807128,0.353417360799169,-0.0236845215713472
A,una,A.una,-2.34078234846873,-2.2975239416079,-0.304474007037932,-0.743600880665481,-1.53556980319549,0.908240937492576
G,a,G.a,1.06919879192228,1.24209373632878,0.380345783420919,0.855656876872191,-0.527597997955438,-1.15385690660111
A,una,A.una,-0.393890714776662,1.57409696713525,-1.64604928098598,1.60949973200855,-0.0690108535961194,-0.899549833136621
A,una,A.una,-1.78229200726854,2.42354472399316,-0.808111844675093,-0.00875682585028684,-0.862943094850212,-2.77451526234548
A,una,A.una,-0.873323722567622,2.32006314935368,-1.05862527751708,0.700063460965036,-0.602495385555029,-0.951501474219129
A,una,A.una,-0.721527918064466,1.39162512511967,0.438091239140341,0.0237217591739484,-1.07520563985483,-0.648667461407242
A,una,A.una,0.744114027056174,1.56340192076621,0.78004679770242,-0.731020662467951,0.267199172803364,0.543252646327629
A,una,A.una,-3.65758809127643,-0.705486797898496,-1.13482151714122,-0.805478603687058,-1.30836215032808,0.0869371847289339
A,una,A.una,0.358713020626061,2.05075871790789,-0.724181215594362,0.317885081429133,0.334555499568589,0.237872040414743
G,una,G.una,0.176387425978198,-1.97495171448504,-1.41118086555725,0.680973826048821,0.517619691944167,0.687082645587083
G,una,G.una,0.658164701490719,-2.82580856891268,-0.339325940998786,-0.257258677581467,1.36270887409952,-1.71506516945069
A,una,A.una,-1.7301895890448,0.811919578696499,0.290390417209947,1.66848550229803,-0.144146179564989,-0.369218932928222
A,una,A.una,-2.78461118291016,0.963581245288864,0.921695185952497,-1.24196278360679,0.112401403888605,-0.238705339720718
G,una,G.una,2.84329175107674,-0.206933504931837,1.0206690642923,0.42138905339087,0.72928366219774,-1.33024666202903
A,a,A.a,1.07883126725195,1.38768966685985,0.516283478583925,0.0393555305486928,-0.521109658615435,0.322877492908928
A,una,A.una,-2.45571823774746,-1.06513662837927,-0.789497948594708,0.421389549066031,0.71592971943425,0.880363819464601
A,una,A.una,-3.82733341820326,-0.430126760650939,-0.163834864194364,-0.720541741204162,0.641179428870676,-0.0407195751852034
G,una,G.una,2.32680111581989,0.837257935459174,-0.269879389441759,0.483847792341857,0.260939055276618,0.159474645033035
G,una,G.una,4.24537159933389,0.410595505137673,-0.789036188674184,-0.125329536180402,-0.366412814033966,-0.405087960050495
A,una,A.una,-2.91651695541134,0.366422784337149,-1.31701484259985,-1.03695453303262,0.318027338817943,1.85889018974552
A,una,A.una,-3.60432324775668,-3.45272505730059,-0.681600930217353,0.548968143052484,-2.21168371161072,-0.0422041169839531
A,una,A.una,-2.41160522320867,-0.490494734057095,-0.494026257073572,-0.234338899131209,0.76586803534114,-0.884805408520854
A,una,A.una,0.0124036314676702,0.738841573440362,0.187274351922844,0.558624330005796,-0.393060193653176,0.95079877415633
A,una,A.una,-1.86874016140832,-0.627236620603905,-0.181974502299455,-0.21638684783071,-0.147796255361673,-0.0415557605492864
A,una,A.una,-1.44365904387218,-2.18982605593147,-0.357932204719348,-0.109937893104411,-0.634032126131791,1.1682106400863
A,una,A.una,-0.943187235296012,-2.04678360574023,1.31673912722416,-0.63028218992115,0.118285513979662,-0.107398034416315
G,una,G.una,2.64882420588822,0.0356899653296251,0.701916205229699,0.031495897222643,-0.0576466508296608,0.428468071092618
A,una,A.una,0.379302401589509,1.92440498255163,-1.68856800145432,0.606032852322094,0.180547570549982,-0.53264772611686
A,una,A.una,-0.593335483208835,1.29963257271573,-0.516864894250268,1.24308050188314,0.713479018155299,-0.471941134906845
G,una,G.una,1.86924045645648,0.151455458440888,-0.919136338546849,0.947384943994432,-0.273115946423135,0.166032547968363
A,una,A.una,-0.0842398550928821,3.43764444495433,-1.67876077812138,-1.87949117300978,-1.06416187998282,-0.170223500084674
A,una,A.una,-0.168595265975148,-0.066194500675437,1.61514896311922,0.240979140344049,-0.61908889531595,-0.327551721732685
A,una,A.una,0.105730299591582,-0.193145619188023,-0.948984119291559,-1.32829686801267,-0.325720606777826,0.240969311677956
G,una,G.una,1.0600668820583,-2.14096668773625,-1.56975442412506,0.2557543461398,0.897434068786738,0.274872839083897
G,una,G.una,2.14361509607214,0.598550377645082,-1.00461486217559,0.157484221131423,0.0333259574088288,0.126897849334712
A,una,A.una,-0.436785336555934,1.02253247939878,-0.308942746362862,0.389917403595954,-1.02424815938334,-0.579929748450514
A,una,A.una,-2.95826585405394,-0.0433632138898299,-0.406712498315024,0.0823880893141617,0.915570337564238,-0.178725916607782
A,una,A.una,-0.0530041737292063,2.57596160275729,-0.987897489614392,-0.274191144211469,-0.0832404925391057,1.01506276620709
G,una,G.una,4.64572576637747,0.894806279173878,-1.04790000360874,-1.5876587992245,-1.12672392298882,-0.100839895805665
A,una,A.una,-2.03162129045257,0.224613921130131,1.07120832135886,-0.734059898834315,-0.419154140615763,-1.10871510138515
G,una,G.una,1.8706171392571,-1.85045334137746,-2.18465648630474,0.131141881672751,0.602135028895576,-0.313146127664545
A,a,A.a,-2.82735605218936,-0.118840816001113,-2.70851135239875,0.259224921032524,0.310278056630296,-0.0171260977279599
G,una,G.una,1.94541971011146,0.264530014912633,-1.40738547382559,2.10125219683928,-0.346347026919711,-0.842058034165853
A,una,A.una,-0.853677249856694,1.38257452511595,-0.220256594107124,-0.232982427942977,-1.2351325282475,-0.30008081994932
G,una,G.una,-0.0170230381471,-2.44377697779085,-0.57571899296439,0.478997742325396,0.134290507096349,-0.0898200444607308
A,una,A.una,-2.18265481216465,0.193515783519525,-1.03538225895953,-2.024282602089,0.59541767172234,-0.293742832168541
A,a,A.a,-2.93384914935733,-0.405027064734593,0.399496788741621,-0.0702026884426987,1.85336188812782,-0.275558217624465
A,una,A.una,-2.95988043911855,-1.34478077610649,-0.592073597243034,0.450929801847645,0.016035781695142,1.09803779141708
A,una,A.una,-3.05919851750822,-2.35092859122051,-0.361833452013292,0.940481200194106,-0.837812345517485,0.643906383294288
A,una,A.una,-0.999919966738979,-2.27210160528036,0.335302477677953,0.403526286410684,0.0514404668595559,0.995841393362324
A,una,A.una,-3.25586606851683,-0.0190965659548946,-0.780469656086014,-0.340007656475797,1.17561265802436,-1.59263486660209
G,una,G.una,3.32947974610547,-0.0477744627370909,0.214301856205294,-0.85172369146731,-0.832766227365987,-0.414513972791895
G,una,G.una,2.00721860571955,0.638311729787348,0.385545276843732,0.94304827946873,1.58259183873645,-0.0430010525985761
A,una,A.una,-1.749995369118,3.65058382145783,0.0648327793001821,-0.377874929579699,1.42496595721947,-0.330025230712198
A,una,A.una,0.40654210648874,0.970826278192727,1.18995059062456,-0.0657359778697756,0.471277974141681,0.0612407345601415
A,una,A.una,-1.40144432253621,1.74724623944699,-1.68425782682307,1.67755035789653,-0.354492618589211,-1.46042043545953
A,una,A.una,-0.923402450279032,2.20381965603969,0.603504023207206,-0.217623449054777,0.636051115531031,0.671376916470527
G,una,G.una,3.41366112708799,0.0640822496261748,0.504199671709072,0.906018065409147,0.435404990237739,1.15654621714838
G,una,G.una,2.57593168619859,0.743600016684827,-0.580698833367404,1.05712236523681,0.692386087483044,-0.0123611566817462
A,a,A.a,-1.67135912927511,0.561994904979214,0.0872135366891069,1.65684594115839,-1.2960359129205,0.120170060094905
A,a,A.a,-2.60690165274979,-0.569895248587736,-0.426324752241136,0.632956789106712,0.512678296779876,0.299200748459345
A,una,A.una,-1.23691857280993,2.00009234962747,1.09753084375322,1.58130385357197,0.144658908674219,-0.685222475497624
A,una,A.una,-3.06346921728132,-0.159530263692769,-0.556756475772706,-0.479883396337845,0.308216121759171,-0.331044461102209
A,una,A.una,0.450982110493581,2.24106922048662,-0.150344455297059,0.150619899673995,1.41797462736439,-0.363715114920093
G,una,G.una,1.34147348859217,-0.0782383160069202,-0.186291064693884,1.32466713278147,0.0395347165227107,-0.653087653477331
G,una,G.una,1.95489254331118,-0.91768909056043,1.55143482399504,1.20828470148469,-0.0846619962889804,-3.44642692246774
A,una,A.una,-1.23239279713327,-0.259722587990625,-0.175576840484267,-2.8070951938476,0.0188294131372278,-1.11935799416251
A,una,A.una,-1.84589663669333,-0.120825144613261,-0.58886575543279,-0.921203676224391,1.65618085172386,-1.22023168444588
A,una,A.una,-2.37647744552753,-0.778576245509819,-0.747903587317593,-0.171813017553085,0.134454971712362,-0.676047067314143
A,una,A.una,-2.67421998523197,0.814043721007972,-0.640570644164182,-1.54620087989592,1.86800312543826,-1.32998853831666
A,una,A.una,-2.03610122606631,2.12811381774384,-0.485619314098046,0.106149257879078,0.913193810363513,-0.314320997550558
A,una,A.una,-0.384575445081965,1.75650672633094,0.321186016107892,1.53871162662125,0.150231196006729,0.522878550761775
A,una,A.una,-0.613914792394025,1.87432096813967,-0.653158217448277,0.802623392673909,0.264505438237335,0.146693409712886
A,una,A.una,0.209290316982049,2.91351496960922,-0.482971243467848,0.342871348387681,1.61574364701979,0.189798788996021
A,una,A.una,-2.39455132652544,1.43273576295287,0.0924179653250599,-1.36839882817297,0.190293833438721,0.448340880966682
A,una,A.una,-2.59076472736531,0.634947152953924,-1.56443017887016,-1.14497994131339,0.341624463400832,-1.48039776804825
A,una,A.una,-0.968905742300868,0.691729223615875,2.09339654220516,-0.0213088039408355,0.823342003773545,0.251344169805665
A,una,A.una,-2.75208327301123,-1.32288029946275,-0.0932942332903118,-1.1875677399077,-0.769112681340896,0.473163228003859
A,una,A.una,-3.29808048667183,-0.926769019128711,-1.39160452928287,0.242820796646916,-1.35552741646888,0.653604927551957
G,una,G.una,1.26826064566781,1.2346201133962,-0.954648676959204,0.466286717970716,-0.169983607726838,-1.20539950319505
G,una,G.una,2.96142381930876,0.397657528709817,0.347737201399112,-0.168885118365514,0.4846765931897,0.766856254645567
G,una,G.una,1.50882891776975,1.21121823785911,-1.88167527060956,1.65527322469965,-0.32991452420488,-0.0190373332316698
G,una,G.una,2.83814055306527,-0.435263781083301,2.12886901687775,1.11360763422511,0.610779201404252,0.131289590108891
G,una,G.una,3.18599091673267,0.691018373786642,-0.417793494013037,-0.00333310839033973,0.303920636638291,0.166962500591921
G,una,G.una,3.35784809513406,0.985779089231325,-0.696577551041584,0.44049630331585,1.03672842815158,0.512426446111077
G,una,G.una,3.3821175864514,1.62510442571636,-2.5037464430981,0.919641254505826,0.898605837532817,-0.300536462726545
G,una,G.una,2.53304389015173,-0.183670415592448,1.243452970103,-0.681475779737739,-1.87285987231783,-0.317896244779358
G,una,G.una,0.496108943747109,-1.80756523444007,-2.93496896353629,0.660448440781784,1.39698957477625,-0.610739550565283
G,una,G.una,-0.611666009779452,-3.76490731511903,-0.327841588137976,1.38273380012883,-0.197580145644422,0.380607970251496
G,una,G.una,0.536266478624158,-1.61566618993015,-1.02015678712503,-0.301762483657069,1.87097268121719,0.469320783448648
G,una,G.una,2.62114561700409,0.724221900279929,-1.43817652741453,0.672923541993282,-0.545854503032878,-0.641349474654231
G,una,G.una,1.15953540109755,-1.63045680389077,-0.978585954962108,-1.97834467314695,0.149428838495038,-0.891133879334043
G,una,G.una,0.720007336266326,-1.51955643363903,-1.13033024582413,-2.2433272683818,0.490408713846267,-1.21066796671754
G,una,G.una,2.50156395162314,1.0480040102208,-1.84413714368436,-0.45580543910349,-0.503891890996888,-0.554033834982083
G,una,G.una,2.07552847579227,0.732858518364822,-0.538501985530504,-0.993627982860855,-0.692950095468345,-0.590606598041301
G,una,G.una,2.5975069602517,-1.39513791637741,1.25371918447704,2.48231934736466,-0.785505145302236,-0.877491058673606
G,a,G.a,3.03360931598561,-1.58311026942293,2.96500152083323,1.68888431555934,-0.889498402215651,-1.19591305339178
G,una,G.una,1.61076660452118,-0.440874467940957,0.970526120624289,-1.05883537424599,-2.05888862128288,0.137713754537636
G,una,G.una,1.78916723032168,-3.38101898788249,1.82194944232741,-0.281893029220721,1.10898139986968,0.601359375371399
G,una,G.una,2.93839512104491,0.903224721923837,0.0462278650311514,-0.695258907479163,0.528157406217643,0.802458898572043
G,una,G.una,1.2851178820975,-0.136860254941586,0.515081833867269,-0.745422536124579,-1.45227140307621,-0.0755372526092246
G,una,G.una,0.608536695482876,-2.30759210400773,-1.49836823416879,0.14961452172504,1.5316679849768,-0.207510400837497
G,una,G.una,3.37220288244785,-0.251792080601415,0.382968966765655,0.646712228331899,0.729122844195475,1.01161442955903
G,una,G.una,1.21847167055557,-2.26646710365286,-1.6290994995156,-0.913867910251803,0.830852550454012,-0.117703734050057
G,una,G.una,-1.07835007845085,-4.60813509883439,-1.39192367819322,1.51161406711429,-1.16852454593593,-1.73093613321996
G,una,G.una,1.0320931695784,-1.995581632729,-1.06080675321908,-0.425162856340144,1.83925263867015,0.59957014664869
G,una,G.una,0.62885054343225,-2.5200407493766,-1.19296451033062,0.481724395811135,-0.264577728836098,0.0627295351760387
G,una,G.una,1.08936947624166,-2.21342288364133,-1.87315301350514,-1.7254614794059,-0.751370464750777,0.391086675012205
G,una,G.una,2.29495399539112,1.16756826905886,-1.62686216393483,0.0899757479717897,-0.307293473850171,-0.855078929345657
A,a,A.a,-2.77139296855239,-0.786232932853001,-0.346423941333865,0.400092912396291,2.3640481231945,-1.34216959772945
G,a,G.a,3.39366415487557,-0.676001546320375,0.974870402933607,1.2675922389015,-0.540829259535258,-0.391771940034629
A,a,A.a,-0.38311944252771,0.966303383686135,-0.568804461170302,0.783941468281903,0.862630212385063,0.290159379841336
G,a,G.a,-0.849560821882887,-1.70347434369767,-1.30527848860607,2.5670564706275,-1.47486572514454,0.51858697935063
G,a,G.a,2.46333746043491,-2.15791468417753,1.94768025684588,2.02700471091624,-1.31080974976136,-1.21453491350523
A,una,A.una,-0.731021687340329,-0.609739791735039,2.92288266872921,1.58963067001803,0.626463381647308,0.266832615047915
A,a,A.a,-3.01224832034413,-0.409640274874168,-0.139792500332285,-0.932248800090231,-0.653545255440408,0.770974345928029
A,a,A.a,0.270834225095982,1.78532644252094,0.2836522550719,-0.521637530060506,-0.49467710136932,0.0887456244349961
A,a,A.a,0.610279033260315,1.72562840974356,-0.0321684070299351,-1.06344029673491,-1.31947216405009,0.0886556025237923
A,a,A.a,0.67323694336117,1.5314171878944,0.666915613600501,-1.70099805567944,-0.462271329476536,-0.950455044958911
A,a,A.a,-1.98261493133201,1.48286921992531,0.452098018417994,0.12894842241878,0.968003009182325,1.26789550561764
A,una,A.una,-1.26991569596295,0.518077259199131,0.137855423600047,-1.43569986355799,-0.760202352988151,1.13816639163808
A,a,A.a,-1.85156779379817,0.248020053159464,1.62463840800692,0.230298816905536,-1.10257952042023,-1.63753386248383
A,una,A.una,-2.55551758433509,0.681610531336013,1.05784092717431,0.249337046032468,-0.0834817096450354,-0.0600942192833407
A,una,A.una,-0.74139144365608,-1.72338982556933,1.122277662349,1.61984721683829,-1.49270806786276,-0.597069927008806
A,a,A.a,-1.33947512394749,1.98198796163562,0.232116753500864,1.13322569288718,-0.201189740024282,-0.344917933678644
A,una,A.una,-1.15078719838398,1.75653329753396,-0.158038228280348,0.984407638889878,-0.78387783743963,-0.22379942345435
A,a,A.a,-1.60071709089408,3.01076001728388,0.645839303682038,-1.63670827651536,0.252609225996843,0.380866681761872
A,una,A.una,-1.47177663530857,1.14967796596994,1.28123405640093,0.618750330039664,-0.776742558732495,-1.00420703795386
A,una,A.una,0.147215707214167,1.10746027927607,-0.0227362091568088,0.796712206508719,0.302422516806689,-0.84846211106035
A,una,A.una,-1.47752584717683,0.670315388465824,1.57856913628565,0.348135157074263,-1.85654050990259,0.0561653181564964
A,a,A.a,-1.28654001108874,-1.77988584875457,0.847192176857418,0.361015654869842,-1.83915997183359,0.0499143969925254
A,a,A.a,0.628686929768551,0.442069243443759,1.19615364022192,-1.1826647692917,-1.45621496573601,0.407931230451998
A,a,A.a,-0.273253758998363,1.80133409675179,-0.340110915311788,1.00891448608846,-0.0283327126383849,0.389485748048868
A,a,A.a,-0.538497629251597,2.00240574054021,-0.235401157019849,0.244977329995743,-1.14669872821154,1.11470764363116
A,una,A.una,-1.06593098322501,-0.461874861958648,0.824431958676735,-0.110736556868074,-1.26488806533699,0.441798623365786
A,una,A.una,0.0846459124307641,0.778319009762808,0.764321315641121,-0.794924409994021,-0.25398388167544,-0.446793222448357
G,una,G.una,1.36658362759495,-1.41920315305907,-0.518538911771613,0.664935937697389,-0.401250166669419,1.23265109459279
A,a,A.a,-3.15980071376414,-0.352526844781844,-0.471892875306158,0.927186159602374,-0.0448683454077222,1.24963406857298
A,a,A.a,-1.30555877341854,0.335643662864373,2.46893693323435,0.699871247957377,-0.932167292753376,-1.2004117682274
A,a,A.a,-0.230219552642897,-0.165422440937221,0.778190497436879,1.19500964355074,1.32234139060686,-1.17531721795516
A,a,A.a,-0.255239137173218,0.992359400595613,2.28740255126468,-1.1426823047499,0.021585281141263,0.87563775320703
A,a,A.a,0.812858576368105,0.605733740793723,0.435368500739396,0.730326061660609,0.107758656002172,-0.508932792813421
G,a,G.a,-0.517417906229382,-2.53213350627396,1.30169786843664,-1.80381885871581,2.56816012537991,-3.41923493863758
G,a,G.a,3.67499043781908,-1.68806205505318,2.88536591123469,-0.0115491066420301,-0.338233436915786,-0.82980444729229
G,a,G.a,-0.267794385069321,-4.26769192021384,0.612993246823362,-0.707969836933344,-1.14219785236178,-0.276686333626115
A,a,A.a,-2.87337875595218,-1.14664925807584,0.179191264623441,-0.179755939814304,-0.35728794285931,1.48136142050741
G,a,G.a,1.76639759660677,1.15055063801976,-1.17477629583627,0.950082414035585,0.360772844920147,0.120437261182789
A,a,A.a,-0.913920492918115,-2.01930436383063,1.08489884100136,-0.0444084270144291,-0.283220565758014,0.290486291496879
A,una,A.una,0.747084848478014,-1.09145745067477,1.2733516216193,0.42203067639913,-1.78184685213566,-0.421423923613377
A,una,A.una,-1.98098768117468,0.04775998632658,1.98451576646768,0.487299095893832,-0.372085746513825,-1.05226417185838
A,a,A.a,-1.40959418237191,0.613453503781224,0.717017048701745,1.44041374938268,-0.0674888302411338,-0.0208102406896774
A,a,A.a,-2.13259637681962,-1.56978706797391,0.975001731986404,0.743181639532969,-1.32032119088901,0.582034272109079
A,a,A.a,-2.11490713625933,-0.757918864651937,1.00542355063759,-1.43429203717419,-0.00829436241899748,-0.416675357308629
A,a,A.a,-0.233418564219747,1.45604244247401,0.395824345342111,1.15297243032528,0.59962775282323,-0.730106359292747
G,una,G.una,1.82734469619779,-0.141571349206377,0.864827435758617,-0.19760688433594,0.152044349471112,-0.31463643725462
G,una,G.una,0.188164642236582,-2.79314665063238,-1.64748681961214,0.295832365099306,-0.433938322634647,0.108423780650569
A,a,A.a,-0.985859845607047,0.536784666544414,-2.58633102678109,0.12281369974442,1.3577492821576,-0.0868983512079252
A,a,A.a,-2.95153602647541,1.26593297973319,-1.11881866484639,0.956929301764288,-0.631648889787893,0.612051550779367
A,una,A.una,-1.09708046932667,-0.0813101479913212,2.29122747814933,0.939837765134555,-0.235136758657987,-0.0865502674825245
A,a,A.a,-3.3615332232623,0.47032351086605,0.391956993040566,-1.49767004934758,-0.296348274278462,0.624240754516691
A,una,A.una,-1.0450719370846,2.78596894319866,1.01221062511497,-0.316039035102979,1.24333808027089,0.549927251140611
A,a,A.a,-1.66078256341436,2.20801226641375,0.539889044684366,-0.122806482099046,0.149159592155047,0.189371735939471
A,a,A.a,-1.57194684781952,0.869992764516771,2.36144453933392,-0.216199974594018,-1.02538081636988,-0.67375236264064
A,una,A.una,0.342732478802261,0.65254835085632,2.95943882417296,0.742539045562736,0.587396371154634,-0.823409998876187
A,una,A.una,-2.65287618091164,2.20195553758621,1.09795687352817,1.02111903664442,2.20226045947037,-1.35676836523002
G,una,G.una,3.93499211130432,-0.213770199062263,0.548111038880728,0.8327601198739,0.209290926189658,1.37769946323801
A,a,A.a,-0.808318989981158,2.40813520833361,0.208765658136927,-1.41766510603655,-0.395420982805659,-1.16371079960326
A,una,A.una,-1.69419989850598,1.62324609924561,-0.858385968314055,0.199520054563775,-2.81482784465254,-1.54452047558888
A,a,A.a,-1.90735182810811,0.553078478254333,0.0437800665618172,1.72257134505975,-0.922378533904751,1.77194102370261
A,una,A.una,-1.28879844572964,-0.452820544891211,1.32793905488075,-0.750512870737925,-1.34741325034499,-0.347806526993236
G,una,G.una,1.8446508950231,0.0374845834825039,1.98802965197994,0.488862076514707,0.71743611007548,0.300988064598298
A,a,A.a,-1.4568488642909,1.50218585465419,0.424244668758045,0.675789857032176,0.483744416954443,1.04506359739458
A,una,A.una,-2.64163574076319,-2.79084175519085,0.214258955051601,1.02895490211537,-0.791334529904357,-1.28909811143645
A,a,A.a,-1.49275383113317,-0.175709194261917,0.590800587223967,-0.894205116896557,0.584972870041806,0.748258501294394
A,una,A.una,-2.66399449833779,0.551479389021245,0.939083905988937,0.14735053481448,-2.48645203903494,0.37982551020654
A,una,A.una,-1.22721075610479,2.0085789403523,0.524013480072207,-0.565811563669215,-0.812931947485646,-0.84351368774989
A,a,A.a,-1.40172824586521,1.80127959401298,0.925056947931,-0.0370220767594335,-0.505669196136701,0.690073350361456
G,una,G.una,2.02510966377147,-0.936897821372821,0.544385589475434,1.17840498549836,-1.29144439157539,-0.774549669687846
A,una,A.una,-1.61387750316264,0.85406331403406,1.3736968211884,-0.237513233139613,-1.28331084516653,0.0681422701083025
A,a,A.a,-2.2060114667416,0.145307889984513,0.996406910396302,1.25192724873881,-1.75812123443836,0.375829998403832
A,a,A.a,-0.73126190562364,-2.42899451102766,1.0215768563587,-0.609712270448212,-0.294648366150187,-0.0372305662163154
A,una,A.una,-0.410469705053608,-2.99640693261301,3.87286782939747,0.29702266732038,1.74268376642786,-2.47890794873822
A,a,A.a,-0.0334747739579729,0.747427808824498,1.67235400842819,0.295654178788212,0.290682053398007,-0.319345298900483
G,una,G.una,3.40147890783176,-0.697462899858881,0.656168998650101,0.876100955393144,0.17260742264285,-0.699830140188808
G,a,G.a,1.65575344978067,0.240893701408142,0.46056546183586,-0.855775209391514,-0.823580418289239,-0.929531039776611
G,a,G.a,2.18273385419585,-0.256543539385977,-0.3315392409539,0.910227857953525,0.481424897429498,-0.454881481004655
A,a,A.a,-1.06808268270985,0.765833241215451,0.544708638930036,0.566292689544092,0.0589272384040983,-1.59567728398723
A,una,A.una,-1.07106934730712,2.1887874085981,-0.292065028245521,0.287835319930568,-0.284951467256771,-2.39872825873044
A,a,A.a,-1.75402676167844,1.69984330790463,-1.58371812561023,2.35444424256933,-0.838768229417477,1.59381927889186
G,una,G.una,1.56471264338245,-2.9770454416927,-0.0565999145659947,-0.24295975474587,-0.866814462781764,-0.550081256878853
G,a,G.a,-0.311050869578234,0.445150518345414,-2.10199085755123,-1.72350228852182,1.34371890389772,-1.42970576992011
G,a,G.a,2.54647878329613,0.875225252353025,-1.16503735110061,-1.10961180895995,-1.81663974390732,-1.00005730721532
G,a,G.a,2.26882941981825,-0.962864152951702,0.989943163045919,-0.0588212781294727,-1.15000762029287,-2.90853096507655
G,a,G.a,2.24657793295029,0.972590122835166,-1.42728977706211,1.67744652609886,0.892431078244414,-0.934881563816288
G,una,G.una,2.11972561455259,0.211034365933075,-0.712875799194401,0.976274774973523,-1.66177245385028,0.715099424073209
A,a,A.a,-2.67389829589376,1.04100427733192,0.946157651579694,1.40181684565564,-1.34866505884912,1.69930863833091
A,a,A.a,-3.96831911167628,0.55957815590011,-0.9145197406982,0.431830784861395,0.962878821850195,2.89948072162271
G,a,G.a,1.74283579397304,0.175638802842362,-0.0616022003298213,-0.847048212434322,-1.47397002608601,-0.863238660985699
G,a,G.a,1.70640235546374,-0.813138015705251,-1.32765003545341,-0.70922727748297,2.41029196555444,0.941832923313204
A,una,A.una,-1.56034427792921,0.900232901309854,1.39517991995898,2.07438022170046,-1.44429037450824,-0.0604444213243666
A,a,A.a,-3.15232359820302,-1.18868343737362,-1.8277941390581,-0.233240563348306,-0.461478160640797,0.349625023722252
G,una,G.una,2.00944085963615,-0.189417319757344,-0.530563973005981,0.055758395685643,-0.648176334485066,-0.247027875183304
G,a,G.a,-0.52403369010615,-1.99659605877331,-0.249627490659216,-1.25824442282723,-0.840963366973787,0.452971539441183
A,a,A.a,-1.19534423746521,-0.685206518624994,0.358429281826523,-0.923165703146482,0.896747398739379,-1.53235224975874
G,a,G.a,2.58847216892899,-2.22875557827501,-0.138292763213256,-0.243078034099465,1.84385781808369,-0.665865992842076
A,a,A.a,-1.10364909809597,0.623140405342296,1.21170490111568,0.606018688011105,-0.828206646857274,0.308444220836974
A,una,A.una,0.393642003534798,2.39563588181891,0.076330522069292,-0.0589368443955878,1.25081066596603,1.14079728936235
A,a,A.a,-0.206705792038154,1.26290134550559,1.0365039324148,1.32356581003847,0.0372769238307241,0.687808257773786
A,a,A.a,-0.592293710729817,0.945454663514708,1.69450522049198,-1.37850569426707,1.88231325055736,1.05101268262793
A,una,A.una,0.310397281273435,1.6095962618048,2.04034109549925,-1.48410766245529,0.419441071282329,-0.754680487493378
G,a,G.a,1.42518282582824,-0.710959182110042,1.20799115738727,0.12184026369817,-0.042495677953744,0.742242617819491
G,a,G.a,1.13550206217539,-2.91075754479484,1.16657107036852,-0.9467742351687,1.20542289137852,-0.276989890139102
G,a,G.a,1.02699157478162,-3.26275322252838,0.993298163135306,-0.634527977736214,-1.14102885318518,-0.206768784757703
G,a,G.a,1.78073187903047,-1.71623533452659,0.53632644765245,-2.65604714713574,0.790597960606897,0.990415124239035
A,a,A.a,-2.58719882098253,1.3143210989661,1.50315169760701,-0.526991275678335,-0.519746390521029,1.25839486335886
A,a,A.a,-1.42502792824179,0.637359043522588,0.613264842985635,-1.65340470757849,-1.24316705725065,0.936156204665708
A,una,A.una,-0.16295808726829,0.958401360665626,0.346085763288789,-0.0114602412266349,-1.49136985481584,0.0638244687377478
G,a,G.a,2.21703782507108,-2.48450088268431,1.64249643419311,1.88829387987801,-1.25307190427252,0.35331421467914
A,a,A.a,-0.856284881150298,-1.04812387969768,1.18746997147935,-0.919159576554122,1.89032597186079,0.0599714479226774
A,a,A.a,-0.596536717517959,0.856840595553034,1.58697312743092,1.00433613082465,0.588171698290658,1.81257976322691
G,una,G.una,2.72101454526848,-1.63547124040922,1.8307379229399,0.232139915000613,1.82529008606671,0.931265201598987
A,a,A.a,-0.633091345761936,0.498007980967628,2.48748223406028,0.611094644908451,-0.00204940820274252,0.518229451922529
A,una,A.una,-0.289405279114428,-0.237022280187938,-0.214693594577316,-0.964483670462491,-1.19303767364791,-1.27203534330516
G,una,G.una,2.60604611360106,-1.73964510567081,0.423071436722415,-1.52394393777871,0.931589192605272,0.0437165221921713
G,una,G.una,1.31517343171316,-2.89747474516508,1.0793883646755,-1.60746235786862,1.2623080331034,0.618954473965846
G,a,G.a,0.904407016105072,-1.72923815206462,-0.668850763972329,-0.873583614297319,1.77607192364288,0.063334689613183
G,una,G.una,2.76288186836205,-1.44309763452624,2.24682017200024,1.19679219152048,0.866578253648577,1.48744600706096
G,una,G.una,1.50844831347793,-2.41300329273555,2.17180566078121,-0.0466869720852672,1.3662372820891,-1.63100578566987
A,a,A.a,-1.39052071372516,1.39760275921458,0.930033554731654,1.09459653889204,0.731220830972969,2.0349646302613
A,una,A.una,-0.539657960270444,0.270686019546944,0.402132856378371,2.44776484957095,-0.366434462697641,-0.0199326246904494
A,a,A.a,-4.21990255234966,-1.19153037798996,0.394207136678673,-0.892634752538938,-1.41674796013696,1.26852011359161
A,una,A.una,-2.31136864341033,-0.132284199979657,0.365588915512767,-1.8870058983208,0.0122460502410247,0.688433367049897
A,a,A.a,-0.675115474658454,-1.33395216609021,1.89977073737115,-0.646651534725818,2.05325229235585,-1.02287788809402
A,una,A.una,-1.08300155893305,-0.159486002929504,1.51063161426197,1.59718869141525,-1.01796500870288,0.106196280238073
A,a,A.a,-2.76849011080163,-0.241627367412595,0.288716852097603,-1.74436739369247,-0.261610673353244,1.03208870636375
A,a,A.a,0.178146335552467,2.71054294688375,-1.50335013143162,-0.133688248957628,-0.0151533213958776,-1.26314334232033
A,una,A.una,-2.54721568066949,1.61146776030282,0.205827675475464,-1.05828094873119,0.540432657412201,-1.94274845371962
A,a,A.a,-1.61820746991157,1.26903278964501,-0.311096930075422,2.36607902829442,0.13884948574713,-0.0751335389657549
G,a,G.a,2.19501444923197,-0.233591254349282,-1.48841564204479,0.589093298241958,0.499645486424892,0.837577747982505
A,a,A.a,-0.747324414827276,1.26420441050103,0.914226793725901,-0.522610292057392,-0.506581460133067,-1.57741075441542
G,a,G.a,0.570186006290205,-1.31041910874423,-1.01002067537691,-1.44401082909266,0.0178924062079707,0.81517970854584
G,una,G.una,2.47046751024181,-0.0947356262200529,0.0320262096119723,0.902595304850224,-0.0372794985325649,-1.83728203438269
G,una,G.una,2.60425031512701,-0.707648204677904,-0.475559484864757,0.471658748914875,-1.28865561131389,-1.23902766204068
A,una,A.una,-2.28172413867577,-0.551260186412173,0.00859152776150707,-1.18560023559725,0.0158349131515932,-0.650442966561489
A,a,A.a,-0.502171414194544,0.828416877729242,-0.684871831530214,1.30261090734416,-0.48006013888762,0.178375764494145
A,a,A.a,-1.14287896330603,2.04990037670402,-0.0374687124815344,-0.699895843260635,-1.568457907167,-1.60306861267531
A,una,A.una,-1.46355839659898,1.35580181031188,1.19710595902193,0.239475895164576,0.0715168667754726,-0.487215321191048
A,a,A.a,0.273863283990852,1.67985006930503,0.50019795774342,1.09603216632978,1.30544052239099,1.01751354494592
A,una,A.una,-1.14661663101342,2.23188447638059,-0.102864356763161,1.82792101930388,1.6542602256469,-0.984094588385878
G,a,G.a,3.36531418068925,0.66587261999304,-0.295773773232563,-0.779607457680371,0.00728144928003678,1.41018311083764
G,a,G.a,3.02669967813045,0.512913985604206,-1.72620573286138,1.50923698012058,-0.703050647386181,0.0559312554491425
G,a,G.a,2.04206849049917,1.04057329175662,-2.14656016015704,1.33707247125533,-0.800614302702214,-0.00628400908227818
G,a,G.a,1.68531411891159,1.12453310201025,-0.958276104101308,-1.34966595761608,-1.64323560466643,0.285872672543187
G,a,G.a,-0.0127770528709834,-0.644288826675119,-1.67816493168396,-0.779691909318844,0.991106365792972,-0.317917954544751
A,a,A.a,-1.40905747196378,1.48151982643278,0.713379011589526,0.0565727979516127,-1.79765998105584,-0.407156670950666
G,a,G.a,1.32094215666747,-0.497656271899134,-0.708615669218399,0.224538807815648,-0.786848705518901,-0.620451985960511
G,a,G.a,0.766882126060628,-1.39432900388134,-1.30600742095775,-2.40805378750159,-0.195026038368708,-0.668367409535737
G,a,G.a,-1.43257647633009,-0.435593032385366,-0.755832003596851,-1.42467519596561,1.28004240384362,-1.85096095316333
G,a,G.a,1.56216304762993,-2.67018170915953,-0.954324064634145,-0.349480402402977,-0.250697374177821,0.13756133391661
G,una,G.una,0.855929659299284,-2.4210417474264,-1.01617454241847,-0.764225232348783,0.756191256731955,1.05798270107201
A,a,A.a,-1.81762338606697,-0.0880855274190123,-1.4196013359041,-1.29019057255496,-0.0314323380070749,0.253397898692537
G,a,G.a,1.78095064809973,-0.0410328000050632,-0.705999710193759,1.44035704111781,-0.175588931961384,-0.152482288252608
G,una,G.una,-0.809290377542984,-1.62636714858883,0.57276656755764,1.01411834744063,-0.38350897811705,-0.820817042407904
G,una,G.una,-0.572752132229045,-2.17728108218494,-0.484242923438828,-0.64955703185372,0.446085789387035,-1.95053274347939
A,a,A.a,-1.0735772731622,-1.4229522994366,-0.755937569377772,-0.372492685273411,1.07531088262857,-0.853391906095471
A,a,A.a,-1.68971965512156,-0.146833676215889,-1.14555671946474,0.556243360715229,1.934666584321,-0.830530481143558
A,una,A.una,0.430686990527998,0.467799000875704,1.79843011169409,1.07093111025713,-1.35235231340513,-0.352316557041251
A,a,A.a,-1.68012286704707,2.04303620306774,-0.195845175076238,0.711653191567564,-0.65961230299004,-0.790088695546152
G,a,G.a,2.60839594038377,-1.28701840906776,-2.35243484046994,-0.938402786917519,0.546488062548233,-0.391449665737271
G,a,G.a,5.19024022601425,-0.342947902703375,-1.43962360765958,-1.3284801694041,-2.86434039329161,0.039729447264899
G,a,G.a,0.678859822781104,-0.893907658365017,-1.27168838416176,1.38196938776846,-2.48161380647792,-0.95724315880118
