Year,Species,Site,Eurosta,type,Full,Plant #,stem.height,stem.width,stem.pub.length,stem.pub.dens,leaf.area,N.teeth,leaf.serration,leaf.dent.depth,leaf.pub.dens,region,region2,number,Changed
2014,A,SS01,a,altG,T,1,87.3,4,1,484,237.9,6,7.692307692,1.6,17.5,SS,SS,1,
2014,A,SS01,a,altG,T,2,85.7,3.5,1.13,614.3,595,5,3.571428571,1.5,22,SS,SS,1,220
2014,A,SS01,a,altG,T,3,102.6,3.8,0.94,134,544,4,2.5,1.7,6,SS,SS,1,
2014,A,SS01,a,altG,T,4,77.7,2.8,0.94,72,274.4,3,2.678571429,1.7,5,SS,SS,1,
2014,R,SS01,a,rugG,T,1,72,3.1,3.56,107.1,858.6,9,8.490566038,3.4,30,SS,SS,1,
2014,R,SS01,a,rugG,T,2,48.2,2.2,3,61.7,436.6,7,9.459459459,2.7,44,SS,SS,1,
2014,R,SS01,a,rugG,T,3,51.5,2,3.38,100,594,8,8.888888889,2.5,32,SS,SS,1,
2014,R,SS01,a,rugG,T,4,83.4,4.3,2.25,105.7,303.8,4,6.451612903,2.9,18,SS,SS,1,
2014,R,SS01,a,rugG,T,5,87.7,3.9,2.69,57.8,918,13,12.03703704,3.5,26,SS,SS,1,
2014,R,SS01,a,rugG,T,6,109.6,4.5,4.94,90,501.6,10,11.36363636,3,52,SS,SS,1,
2014,R,SS01,a,rugG,T,7,104.4,3.3,3.81,277.1,479.7,8,10.25641026,2.8,62,SS,SS,1,
2014,R,SS01,a,rugG,T,8,116.5,5.1,6.75,80,183,5,8.333333333,1.1,18,SS,SS,1,
2014,R,SS01,a,rugG,T,9,64.1,2.8,4.81,48.9,1260,11,7.333333333,5.5,24,SS,SS,1,
2014,R,SS01,a,rugG,T,10,95.6,3.1,3.88,216.7,976.8,7,5.303030303,2.6,30,SS,SS,1,
2014,R,SS01,a,rugG,T,11,89.9,2.8,4.75,55,639,5,5.555555556,2.5,34,SS,SS,1,
2014,R,SS01,a,rugG,T,12,60.1,3,4.38,77.1,478.8,9,12.5,1.5,70,SS,SS,1,
2014,A,SS01,una,altU,T,1,94,3.4,0.94,104,467.5,5,4.545454545,1.9,6,SS,SS,1,
2014,A,SS01,una,altU,T,2,92.2,3.9,0.75,176,180,1,1.388888889,1.2,2.5,SS,SS,1,
2014,A,SS01,una,altU,T,3,80.7,3.4,1,182.5,195,3,3.846153846,2,22.5,SS,SS,1,
2014,A,SS01,una,altU,T,4,112.6,5.5,1.25,320,188.7,3,4.054054054,1.2,60,SS,SS,1,
2014,A,SS01,una,altU,T,5,89.5,6.4,1,188.6,258.3,1,1.219512195,1,28,SS,SS,1,
2014,A,SS01,una,altU,T,6,109,6.8,1,283.3,225,5,5.555555556,2.1,5.7,SS,SS,1,
2014,A,SS01,una,altU,T,7,95.3,4.6,1.5,160,681.6,7,4.929577465,2.5,0,SS,SS,1,
2014,A,SS01,una,altU,T,8,56.1,2.1,0.5,350,143.5,0,0,0,64,SS,SS,1,
2014,A,SS01,una,altU,T,9,75.7,3.4,1.06,293.3,688.5,4,2.352941176,1.4,10,SS,SS,1,
2014,A,SS01,una,altU,T,10,66.3,3.7,0.81,135.6,103.6,1,1.785714286,1,16.7,SS,SS,1,
2014,A,SS01,una,,F,11,76.5,,,,0,,,,,SS,SS,1,
2014,A,SS01,una,altU,T,12,96.3,4.6,1.06,142.2,338.4,0,0,0,44,SS,SS,1,
2014,R,SS01,una,,F,1,59.2,,,,0,,,,,SS,SS,1,
2014,R,SS01,una,,F,2,50,,,,0,,,,,SS,SS,1,
2014,R,SS01,una,rugU,T,3,40.5,2.1,3.31,148,589.6,13,14.77272727,2.7,30,SS,SS,1,
2014,R,SS01,una,,F,4,65.6,,,,0,,,,,SS,SS,1,
2014,R,SS01,una,,F,5,93.5,,,,0,,,,,SS,SS,1,
2014,R,SS01,una,,F,6,85.6,,,,0,,,,,SS,SS,1,
2014,R,SS01,una,,F,7,83,,,,0,,,,,SS,SS,1,
2014,R,SS01,una,,F,8,35.2,,,,0,,,,,SS,SS,1,
2014,R,SS01,una,,F,9,67,,,,0,,,,,SS,SS,1,
2014,R,SS01,una,,F,10,60.6,,,,0,,,,,SS,SS,1,
2014,R,SS01,una,,F,11,110.5,,,,0,,,,,SS,SS,1,
2014,R,SS01,una,,F,12,77.6,,,,0,,,,,SS,SS,1,
2014,R,SS01,una,rugU,T,13,91,5,5,175,662.4,7,7.608695652,2.3,28,SS,SS,1,
2014,R,SS01,una,,F,14,83.9,,,,0,,,,,SS,SS,1,
2014,R,SS01,una,rugU,T,16,73.1,3.1,4,175,842.4,8,7.692307692,3,22,SS,SS,1,
2014,R,SS01,una,,F,17,55.8,,,,0,,,,,SS,SS,1,
2014,R,SS01,una,rugU,T,18,101,5.8,5.5,110,831.9,10,8.474576271,3.4,20,SS,SS,1,
2014,R,SS01,una,rugU,T,19,57.3,3.5,4,155,432,6,9.375,2.9,28,SS,SS,1,
2014,R,SS01,una,,F,20,87.1,3.1,,,0,,,,,SS,SS,1,
2014,R,SS01,una,,F,21,70.8,,,,0,,,,,SS,SS,1,
2014,R,SS01,una,,F,22,34.1,,,,0,,,,,SS,SS,1,
2014,R,SS01,una,rugU,T,23,84.6,5.2,4.94,86.7,487.9,4,4.87804878,3.6,24,SS,SS,1,
2014,R,SS01,una,rugU,T,24,116.6,4.9,4.25,246.7,417.3,9,11.53846154,4.3,64,SS,SS,1,
2014,R,SS01,una,,F,25,118.8,,,,0,,,,,SS,SS,1,
2014,R,SS01,una,,F,26,78.4,,,,0,,,,,SS,SS,1,
2014,R,SS01,una,rugU,T,27,125.6,5.2,6,153.3,515.2,8,8.695652174,2.7,32,SS,SS,1,
2014,R,SS01,una,rugU,T,28,74.4,3.7,3.38,88,492.8,5,5.681818182,1.9,16,SS,SS,1,
2014,R,SS01,una,rugU,T,29,89.4,3.6,4.25,92,479.7,7,8.974358974,2.4,8,SS,SS,1,
2014,R,SS01,una,,F,30,74.2,,,,0,,,,,SS,SS,1,
2014,R,SS01,una,,F,31,59.8,,,,0,,,,,SS,SS,1,
2014,R,SS01,una,rugU,T,32,75,3.7,6,126.7,436,9,11.25,2.7,28,SS,SS,1,
2014,R,SS01,una,rugU,T,33,116.2,4,5.25,104.4,495.3,7,8.974358974,3,12,SS,SS,1,
2014,R,SS01,una,rugU,T,34,61.5,2.5,4,33.3,1386.9,9,6.71641791,4.1,10,SS,SS,1,
2014,R,SS01,una,rugU,T,35,88.3,3.2,4.19,68,712.4,9,8.653846154,5.4,12,SS,SS,1,
2014,A,SS02,a,altG,T,1,65.2,2.7,0.81,63.3,442,5,3.676470588,1.4,2,SS,SS,2,
2014,A,SS02,a,altG,T,2,123.6,4.5,1.38,198,539,2,1.428571429,1.2,4,SS,SS,2,
2014,A,SS02,a,altG,T,3,55.4,2.2,0.88,74.3,450.3,8,7.01754386,1.8,8,SS,SS,2,
2014,A,SS02,a,altG,T,4,81.1,3.4,0.94,182.2,1324.8,10,5.208333333,3.9,6,SS,SS,2,
2014,A,SS02,a,altG,T,5,92.8,4.1,1.19,530,1037.5,9,5.421686747,3.6,20,SS,SS,2,
2014,A,SS02,a,altG,T,6,122.8,5,1.31,244.4,527,9,5.294117647,2.2,15.6,SS,SS,2,
2014,A,SS02,a,altG,T,7,89.6,3.6,1.25,205.7,420,2,1.666666667,1,1,SS,SS,2,
2014,A,SS02,a,altG,T,8,75.5,2.8,1,120,434.5,5,4.545454545,1.2,4,SS,SS,2,
2014,A,SS02,a,altG,T,9,110.9,4.6,1.31,360,585,0,0,0,2,SS,SS,2,
2014,R,SS02,a,rugG,T,1,114.5,5.2,4,80,759.5,14,14.28571429,4,20,SS,SS,2,
2014,R,SS02,a,rugG,T,2,54.6,2.3,5.19,90,1206,11,8.208955224,5.1,30,SS,SS,2,
2014,R,SS02,a,rugG,T,3,74.4,2.5,4.44,156.7,652.8,9,9.375,2.3,25,SS,SS,2,
2014,R,SS02,a,rugG,T,4,97.3,3.5,4.5,72.5,1074.4,8,5.882352941,4.3,9,SS,SS,2,
2014,R,SS02,a,rugG,T,5,64.3,2.4,4.63,160,492,8,9.756097561,2,42,SS,SS,2,
2014,A,SS02,una,altU,T,1,117.5,5,1,330,1056,4,2.272727273,4,6,SS,SS,2,
2014,A,SS02,una,,F,2,132.5,,,,0,,,,,SS,SS,2,
2014,A,SS02,una,,F,3,120.7,,,,0,,,,,SS,SS,2,
2014,A,SS02,una,,F,4,110.3,,,,0,,,,,SS,SS,2,
2014,A,SS02,una,,F,5,46.8,,,,0,,,,,SS,SS,2,
2014,A,SS02,una,altU,T,6,120.4,4.1,0.94,220,722.4,4,2.380952381,1.5,2,SS,SS,2,
2014,A,SS02,una,,F,7,120.5,,,,0,,,,,SS,SS,2,
2014,A,SS02,una,altU,T,8,110.5,4,0.94,342.5,420,3,2.142857143,1.8,2,SS,SS,2,
2014,A,SS02,una,,F,9,132,,,,0,,,,,SS,SS,2,
2014,A,SS02,una,,F,10,112.4,,,,0,,,,,SS,SS,2,
2014,A,SS02,una,,F,11,51.6,,,,0,,,,,SS,SS,2,
2014,A,SS02,una,,F,12,110.4,,,,0,,,,,SS,SS,2,
2014,A,SS02,una,altU,T,13,87.7,2.7,1.13,293.3,197.8,1,1.162790698,1,11.4,SS,SS,2,
2014,A,SS02,una,,F,14,107.3,,,,0,,,,,SS,SS,2,
2014,A,SS02,una,altU,T,15,70.5,2.2,0.88,368,254.4,1,0.943396226,1.2,0,SS,SS,2,
2014,A,SS02,una,altU,T,16,82,3.1,1.25,165,402,1,0.833333333,1.2,6,SS,SS,2,
2014,A,SS02,una,altU,T,17,93.9,4.4,0.81,176,576.7,4,2.739726027,1.7,6,SS,SS,2,
2014,A,SS02,una,altU,T,18,114.6,4.3,1.44,248.9,317.2,4,3.278688525,1.1,10,SS,SS,2,
2014,A,SS02,una,,F,19,101.3,,,,0,,,,,SS,SS,2,
2014,A,SS02,una,,F,20,139.5,,,,0,,,,,SS,SS,2,
2014,A,SS02,una,altU,T,21,115.7,4.3,1,118,765.4,5,2.906976744,1.4,0,SS,SS,2,
2014,A,SS02,una,altU,T,22,91.5,2.6,0.94,73.3,639.6,6,3.658536585,2.5,0,SS,SS,2,
2014,A,SS02,una,,F,23,126,,,,0,,,,,SS,SS,2,
2014,A,SS02,una,altU,T,24,101.3,3.9,0.94,180,706.8,5,3.289473684,2.4,8,SS,SS,2,
2014,R,SS02,una,rugU,T,1,86.5,3.7,5.81,77.5,854.4,8,8.333333333,2.1,11,SS,SS,2,
2014,R,SS02,una,rugU,T,2,77.9,3.5,5.44,82.9,681.1,9,9.183673469,2.1,10,SS,SS,2,
2014,R,SS02,una,rugU,T,3,58,2.7,5.44,143.3,500.2,8,9.756097561,1.8,35,SS,SS,2,
2014,R,SS02,una,rugU,T,4,108.3,4.8,5.13,90,634.8,10,10.86956522,4,4,SS,SS,2,
2014,R,SS02,una,rugU,T,5,105.1,4.6,2.5,160,242.5,5,10,1.8,10,SS,SS,2,
2014,R,SS02,una,rugU,T,6,75.8,3.4,3.69,137.5,372.4,8,10.52631579,2.3,15,SS,SS,2,
2014,R,SS02,una,rugU,T,7,98,3.6,4.5,182.5,715.5,9,8.490566038,3.3,16,SS,SS,2,
2014,R,SS02,una,rugU,T,8,110.3,3.5,2.38,104,492.8,5,5.681818182,2.2,8,SS,SS,2,
2014,R,SS02,una,rugU,T,9,89,4.7,5.44,132,863.2,6,5.769230769,2.2,14,SS,SS,2,
2014,R,SS02,una,rugU,T,10,85.5,3,3.63,80,803.7,8,7.01754386,2.6,32,SS,SS,2,
2014,R,SS02,una,rugU,T,11,109.5,4.4,4.25,248.6,763.2,11,10.37735849,2.4,24,SS,SS,2,
2014,R,SS02,una,,F,12,100.6,,,,0,,,,,SS,SS,2,
2014,R,SS02,una,rugU,T,13,82,2.7,3.81,50,615,13,13,3.2,14,SS,SS,2,
2014,R,SS02,una,rugU,T,14,67.9,4,5.63,214.3,855.4,5,5.319148936,5.4,14,SS,SS,2,
2014,R,SS02,una,,F,15,27,,,,0,,,,,SS,SS,2,
2014,R,SS02,una,rugU,T,16,72.3,2.9,7.38,136,413.4,6,7.692307692,3,48,SS,SS,2,
2014,R,SS02,una,rugU,T,17,60.5,2.5,4.06,186.7,731.4,12,11.32075472,3.6,30,SS,SS,2,
2014,R,SS02,una,rugU,T,18,42.8,2.1,2,150,401.7,8,10.25641026,2.3,30,SS,SS,2,
2014,A,SS03,a,altG,T,1,98.2,3.2,1.31,68.9,656,2,1.25,1.3,0,SS,SS,3,
2014,A,SS03,a,altG,T,2,90.2,3.5,0.75,140,560,6,4.285714286,2.1,0,SS,SS,3,
2014,R,SS03,a,rugG,T,1,75.8,3.8,6.5,58,1679.6,11,7.236842105,5.7,16,SS,SS,3,
2014,R,SS03,a,rugG,T,2,94,3.2,3.25,33.8,1670.9,11,7.142857143,8.1,4,SS,SS,3,
2014,R,SS03,a,rugG,T,3,81,4.1,7.06,50,2208,11,6.875,8.5,9,SS,SS,3,
2014,R,SS03,a,rugG,T,4,122.5,4.6,5.56,17,1427.1,10,7.042253521,6.3,8,SS,SS,3,
2014,R,SS03,a,rugG,T,5,96,4,5.38,128.6,1335.6,8,6.349206349,4.4,20,SS,SS,3,
2014,R,SS03,a,rugG,T,6,57.4,3.5,4.25,300,699.6,15,14.1509434,3.7,27,SS,SS,3,
2014,R,SS03,a,rugG,T,7,60.7,3.2,3.81,100,1078,7,5,3.7,11,SS,SS,3,
2014,R,SS03,a,rugG,T,8,66.8,3.2,4.44,112,526.5,9,10,3.3,20,SS,SS,3,
2014,R,SS03,a,rugG,T,9,88.3,3.5,5,53.3,285,3,5,2.2,6,SS,SS,3,
2014,R,SS03,a,rugG,T,10,125.3,4.2,5.88,86.7,1380,11,7.971014493,6.9,12,SS,SS,3,
2014,R,SS03,a,rugG,T,11,62.9,2.1,3.38,62.9,1023,7,5.303030303,7.7,14,SS,SS,3,
2014,R,SS03,a,rugG,T,12,125.2,3.4,4.88,80,1401.2,8,6.451612903,3.5,16,SS,SS,3,
2014,R,SS03,a,rugG,T,13,75.4,3,3.56,30,1522.4,15,8.522727273,3.9,6,SS,SS,3,
2014,R,SS03,a,rugG,T,14,117,3.5,4.88,57.8,1250.6,9,6.081081081,4,7,SS,SS,3,
2014,R,SS03,a,rugG,T,15,115.3,4.7,5.63,88.9,965.2,11,7.236842105,3.4,10,SS,SS,3,
2014,R,SS03,a,rugG,T,16,122.3,3.8,3.5,134.3,849.4,14,11.29032258,2.6,14,SS,SS,3,
2014,R,SS03,a,rugG,T,17,98.7,3.6,4.81,75,816,6,5,3.4,12,SS,SS,3,
2014,R,SS03,a,rugG,T,22,99,3.9,5.31,76,243,5,5.555555556,3.7,4,SS,SS,3,
2014,A,SS03,una,altU,T,1,106,4.4,1.38,154,424.8,1,0.694444444,1.8,6,SS,SS,3,
2014,A,SS03,una,altU,T,3,122,4.8,1.19,304.4,625.6,1,0.735294118,1.5,0,SS,SS,3,
2014,A,SS03,una,altU,T,4,113,5,0.88,130,581,0,0,0,2,SS,SS,3,
2014,A,SS03,una,altU,T,5,111,4,0.94,271.1,403.2,6,4.166666667,1.8,8,SS,SS,3,
2014,A,SS03,una,altU,T,6,82,3.2,1,273.3,365.8,7,5.64516129,1.5,4,SS,SS,3,
2014,R,SS03,una,,F,1,61.5,,,,0,,,,,SS,SS,3,
2014,R,SS03,una,,F,2,144,,,,0,,,,,SS,SS,3,
2014,R,SS03,una,,F,2,65,,,,0,,,,,SS,SS,3,
2014,R,SS03,una,rugU,T,3,99,5.8,0.81,52,536,0,0,0,6,SS,SS,3,
2014,R,SS03,una,,F,4,118,,,,0,,,,,SS,SS,3,
2014,R,SS03,una,,F,5,66,,,,0,,,,,SS,SS,3,
2014,R,SS03,una,,F,6,35.5,,,,0,,,,,SS,SS,3,
2014,R,SS03,una,rugU,T,7,138,5.7,4.25,125,417.6,8,11.11111111,2.6,14,SS,SS,3,
2014,R,SS03,una,,F,8,64.5,,,,0,,,,,SS,SS,3,
2014,R,SS03,una,,F,9,125.5,,,,0,,,,,SS,SS,3,
2014,R,SS03,una,,F,10,118,,,,0,,,,,SS,SS,3,
2014,R,SS03,una,,F,11,97,,,,0,,,,,SS,SS,3,
2014,R,SS03,una,,F,12,136,,,,0,,,,,SS,SS,3,
2014,R,SS03,una,rugU,T,13,124,5.4,4.13,188.6,455.9,6,6.382978723,2.9,30,SS,SS,3,
2014,R,SS03,una,,F,14,82.5,,,,0,,,,,SS,SS,3,
2014,R,SS03,una,,F,15,109,,,,0,,,,,SS,SS,3,
2014,R,SS03,una,,F,16,57.5,,,,0,,,,,SS,SS,3,
2014,R,SS03,una,rugU,T,17,120,4.6,6.56,71.1,686.4,8,7.692307692,2.4,4,SS,SS,3,
2014,R,SS03,una,rugU,T,18,116.5,3.6,3.94,90,297.6,6,9.375,1.9,4,SS,SS,3,
2014,R,SS03,una,,F,19,102,,,,0,,,,,SS,SS,3,
2014,R,SS03,una,,F,20,94,,,,0,,,,,SS,SS,3,
2014,R,SS03,una,,F,21,96.5,,,,0,,,,,SS,SS,3,
2014,R,SS03,una,,F,21,97.5,,,,0,,,,,SS,SS,3,
2014,R,SS03,una,,F,22,77.5,,,,0,,,,,SS,SS,3,
2014,R,SS03,una,,F,23,68,,,,0,,,,,SS,SS,3,
2014,R,SS03,una,rugU,T,24,82.5,3.1,4,70,1228.5,13,10.31746032,4.4,4,SS,SS,3,
2014,R,SS03,una,,F,25,115.5,,,,0,,,,,SS,SS,3,
2014,R,SS03,una,,F,26,101,,,,0,,,,,SS,SS,3,
2014,R,SS03,una,rugU,T,27,120,4.3,3.94,100,1692,14,9.722222222,3.2,8,SS,SS,3,
2014,R,SS03,una,,F,28,91,,,,0,,,,,SS,SS,3,
2014,R,SS03,una,,F,29,67.5,,,,0,,,,,SS,SS,3,
2014,R,SS03,una,,F,30,77,,,,0,,,,,SS,SS,3,
2014,R,SS03,una,,F,32,104,,,,0,,,,,SS,SS,3,
2014,R,SS03,una,,F,33,48,,,,0,,,,,SS,SS,3,
2014,R,SS03,una,rugU,T,34,80.5,2.6,3.44,52,534.1,9,9.183673469,2.2,32,SS,SS,3,
2014,R,SS03,una,rugU,T,35,108,4.1,5.81,95,831.6,10,7.936507937,3.5,11,SS,SS,3,
2014,R,SS03,una,rugU,T,36,61.5,2.1,3.25,70,630.2,7,7.608695652,2.7,20,SS,SS,3,
2014,R,SS03,una,,F,37,110,,,,0,,,,,SS,SS,3,
2014,R,SS03,una,,F,38,90,,,,0,,,,,SS,SS,3,
2014,R,SS03,una,,F,39,105,,,,0,,,,,SS,SS,3,
2014,R,SS03,una,rugU,T,40,112,6.4,3.75,50,412,5,6.25,3.7,10,SS,SS,3,
2014,R,SS03,una,,F,41,95,,,,0,,,,,SS,SS,3,
2014,R,SS03,una,,F,42,119,,,,0,,,,,SS,SS,3,
2014,R,SS03,una,,F,43,137,,,,0,,,,,SS,SS,3,
2014,R,SS03,una,rugU,T,44,95,2.8,3.38,41.7,1147,6,4.838709677,3.9,2,SS,SS,3,
2014,R,SS03,una,rugU,T,45,116,5.3,4.63,37.5,434.3,3,3.488372093,1.8,4,SS,SS,3,
2014,R,SS03,una,rugU,T,46,119.5,5,4,146.7,508,4,5,2.9,9,SS,SS,3,
2014,R,SS03,una,,F,47,97,,,,0,,,,,SS,SS,3,
2014,R,SS03,una,rugU,T,48,57.5,2,6.69,180,625.6,12,13.04347826,3.5,12,SS,SS,3,
2014,R,SS03,una,rugU,T,49,107.5,4.2,3.06,56,306.9,5,8.064516129,2.3,2,SS,SS,3,
2014,R,SS03,una,,F,50,118,,,,0,,,,,SS,SS,3,
2014,R,SS03,una,,F,51,92.5,,,,0,,,,,SS,SS,3,
2014,R,SS03,una,,F,,77,,,,0,,,,,SS,SS,3,
2014,A,SS04,a,altG,T,1,82.7,4.1,0.94,342.5,225.6,1,1.063829787,1.7,11.1,SS,SS,4,
2014,A,SS04,a,altG,T,2,95.2,3.6,1.63,350,498.2,2,1.886792453,1,7.5,SS,SS,4,
2014,A,SS04,a,altG,T,3,61.9,3.6,0.74,120,572,9,6.923076923,1.6,0,SS,SS,4,
2014,A,SS04,a,altG,T,4,73.5,2.9,1.25,180,791.7,7,3.846153846,2.8,4,SS,SS,4,
2014,A,SS04,a,altG,T,5,99,3.5,0.88,98,202.4,2,2.272727273,1.1,5.7,SS,SS,4,
2014,A,SS04,a,altG,T,6,97.8,4,1.31,150,826.5,12,6.315789474,4.5,4,SS,SS,4,
2014,A,SS04,a,altG,T,7,81.1,2.9,1.44,360,324,9,8.333333333,1.3,8,SS,SS,4,
2014,R,SS04,a,rugG,T,1,100.6,2.6,4.13,40,1391,13,10,5.6,25,SS,SS,4,
2014,R,SS04,a,rugG,T,2,82.8,3.3,4.88,150,1094.4,13,10.15625,6,60,SS,SS,4,
2014,A,SS04,una,,F,1,44.5,,,,0,,,,,SS,SS,4,
2014,A,SS04,una,,F,2,46.6,,,,0,,,,,SS,SS,4,
2014,A,SS04,una,,F,3,57,,,,0,,,,,SS,SS,4,
2014,A,SS04,una,,F,4,53.6,,,,0,,,,,SS,SS,4,
2014,A,SS04,una,,F,5,36.2,,,,0,,,,,SS,SS,4,
2014,A,SS04,una,,F,5,99,,,,0,,,,,SS,SS,4,
2014,A,SS04,una,,F,6,93.8,,,,0,,,,,SS,SS,4,
2014,A,SS04,una,altU,T,7,100.4,4.3,1.13,152,397.5,8,7.547169811,1.6,10,SS,SS,4,
2014,A,SS04,una,,F,8,82.7,,,,0,,,,,SS,SS,4,
2014,A,SS04,una,,F,9,114.3,,,,0,,,,,SS,SS,4,
2014,A,SS04,una,,F,10,90.2,,,,0,,,,,SS,SS,4,
2014,A,SS04,una,altU,T,11,123.3,4.2,1,240,717.8,6,4.054054054,4.4,0,SS,SS,4,
2014,A,SS04,una,altU,T,12,92.2,4.2,1,222.9,329.4,0,0,0,10,SS,SS,4,
2014,A,SS04,una,altU,T,13,110.6,4.9,1,177.8,318,1,0.943396226,1.1,4,SS,SS,4,
2014,A,SS04,una,altU,T,14,120.4,3.7,0.88,82.2,530.4,12,8.823529412,2.5,6,SS,SS,4,
2014,A,SS04,una,altU,T,15,108.4,3.2,0.69,120,448.5,11,7.971014493,3.3,2,SS,SS,4,
2014,A,SS04,una,altU,T,16,95,4,0.75,208,244.4,0,0,0,17.5,SS,SS,4,
2014,A,SS04,una,altU,T,17,102.4,2.7,1.25,230,335.5,0,0,0,2,SS,SS,4,
2014,A,SS04,una,altU,T,18,81.8,3.3,1.19,162.9,27,3,30,1.3,0,SS,SS,4,
2014,A,SS04,una,altU,T,19,75.7,4,1.69,266.7,329.4,0,0,0,0,SS,SS,4,
2014,A,SS04,una,,F,20,54.2,,,,0,,,,,SS,SS,4,
2014,A,SS04,una,altU,T,21,94,2.8,1,103.3,471.2,7,5.64516129,1.3,4,SS,SS,4,
2014,R,SS04,una,rugU,T,1,91,3.6,6.13,148,1201.2,14,10.60606061,3.6,24,SS,SS,4,
2014,R,SS04,una,rugU,T,2,64.6,2.5,4.13,62.9,940.5,16,14.03508772,2.8,24,SS,SS,4,
2014,R,SS04,una,rugU,T,3,110.1,4.4,6.5,125,883.5,11,9.649122807,2.6,13,SS,SS,4,
2014,R,SS04,una,rugU,T,4,55.3,2.4,4.69,92,997.1,12,10.16949153,4.8,12,SS,SS,4,
2014,R,SS04,una,rugU,T,5,60.6,3.1,5.06,114.3,607.2,11,12.5,2.6,68,SS,SS,4,
2014,R,SS04,una,rugU,T,6,14.6,2.7,4.25,153.3,683.7,12,11.32075472,2.2,24,SS,SS,4,
2014,A,SS05,a,altG,T,1,88.5,2.8,0.56,46,546.7,0,0,0,6,SS,SS,5,
2014,A,SS05,a,altG,T,2,99.5,3.9,0.75,78,606.8,0,0,0,4,SS,SS,5,
2014,A,SS05,a,altG,T,3,80,2.8,0.88,27.5,415.8,8,6.349206349,1.5,8,SS,SS,5,
2014,A,SS05,a,altG,T,4,133,7,2.25,270,568,4,2.816901408,1.3,8.9,SS,SS,5,
2014,A,SS05,a,altG,T,5,128,4.4,1.38,234,1228.2,7,3.93258427,2.8,18,SS,SS,5,
2014,A,SS05,a,altG,T,6,102,3.3,1.38,242.2,985.8,5,2.688172043,3.8,4,SS,SS,5,
2014,A,SS05,a,altG,T,7,113,4.5,0.75,116,662.4,11,5.97826087,2.1,14,SS,SS,5,
2014,A,SS05,a,altG,T,8,88,3.4,1.19,111.1,756.8,1,0.581395349,1.4,3,SS,SS,5,
2014,A,SS05,a,altG,T,9,114,5.2,1.13,53,981,4,2.222222222,2.1,2,SS,SS,5,
2014,A,SS05,a,altG,T,10,148,7.9,1,140,1998,7,3.153153153,5.1,12,SS,SS,5,
2014,A,SS05,a,altG,T,11,115,3.7,1.06,167.5,655.7,7,4.21686747,3.4,6,SS,SS,5,
2014,A,SS05,a,altG,T,12,119.5,5.2,0.63,96,568,3,1.875,4.8,4,SS,SS,5,
2014,A,SS05,a,altG,T,13,127,5.2,1.13,134,1001,6,3.296703297,4.5,10,SS,SS,5,
2014,A,SS05,una,altU,T,1,138,7.4,1,93.3,609.7,3,2.23880597,2.9,2,SS,SS,5,
2014,A,SS05,una,,F,2,126,,,,0,,,,,SS,SS,5,
2014,A,SS05,una,,F,3,123.5,,,,0,,,,,SS,SS,5,
2014,A,SS05,una,,F,4,119,,,,0,,,,,SS,SS,5,
2014,A,SS05,una,,F,5,118.5,,,,0,,,,,SS,SS,5,
2014,A,SS05,una,altU,T,6,127.5,5.3,3.38,94,1140,8,4.210526316,3.7,6,SS,SS,5,
2014,A,SS05,una,,F,7,141,,,,0,,,,,SS,SS,5,
2014,A,SS05,una,,F,8,133.5,,,,0,,,,,SS,SS,5,
2014,A,SS05,una,altU,T,9,61.5,2.2,0.69,108,518.5,1,0.588235294,2.5,6,SS,SS,5,
2014,A,SS05,una,,F,10,128,,,,0,,,,,SS,SS,5,
2014,A,SS05,una,altU,T,10,118,4.3,1,58,1194.8,6,2.912621359,2.6,2,SS,SS,5,
2014,A,SS05,una,,F,11,83,,,,0,,,,,SS,SS,5,
2014,A,SS05,una,,F,12,102.8,,,,0,,,,,SS,SS,5,
2014,A,SS05,una,,F,13,40.5,,,,0,,,,,SS,SS,5,
2014,A,SS05,una,,F,14,104,,,,0,,,,,SS,SS,5,
2014,A,SS05,una,altU,T,15,108,4.3,0.88,190,248.4,2,1.851851852,3,2,SS,SS,5,
2014,A,SS05,una,,F,17,99.5,,,,0,,,,,SS,SS,5,
2014,A,SS05,una,altU,T,18,107,3.4,1.13,172.5,679,1,0.515463918,2.9,10,SS,SS,5,
2014,A,SS05,una,,F,19,129,,,,0,,,,,SS,SS,5,
2014,A,SS05,una,,F,20,128.5,,,,0,,,,,SS,SS,5,
2014,A,SS05,una,,F,21,109,,,,0,,,,,SS,SS,5,
2014,A,SS05,una,altU,T,22,128.5,5.2,1.06,214,177.6,0,0,0,3.3,SS,SS,5,
2014,A,SS05,una,altU,T,23,117.5,4.1,0.94,228.9,714.4,5,3.289473684,2.4,10,SS,SS,5,
2014,A,SS05,una,,F,24,130,,,,0,,,,,SS,SS,5,
2014,A,SS05,una,,F,25,172,,,,0,,,,,SS,SS,5,
2014,A,SS05,una,,F,26,125,,,,0,,,,,SS,SS,5,
2014,A,SS05,una,,F,27,117,,,,0,,,,,SS,SS,5,
2014,A,SS05,una,,F,28,136,,,,0,,,,,SS,SS,5,
2014,A,SS05,una,,F,29,95.5,,,,0,,,,,SS,SS,5,
2014,A,SS05,una,,F,30,121,,,,0,,,,,SS,SS,5,
2014,A,SS05,una,,F,31,115,,,,0,,,,,SS,SS,5,
2014,A,SS05,una,,F,32,97,,,,0,,,,,SS,SS,5,
2014,A,SS05,una,altU,T,33,113,3.3,1.06,133.3,705.2,3,1.744186047,1.4,2,SS,SS,5,
2014,A,SS05,una,,F,34,101.5,,,,0,,,,,SS,SS,5,
2014,A,SS05,una,,F,35,121,,,,0,,,,,SS,SS,5,
2014,A,SS05,una,altU,T,36,106.5,3.8,1,195,502.5,0,0,0,2,SS,SS,5,
2014,A,SS05,una,,F,37,147,,,,0,,,,,SS,SS,5,
2014,A,SS05,una,altU,T,38,129,5.3,1.5,84,1134,5,2.314814815,1.5,6,SS,SS,5,
2014,A,SS05,una,,F,39,145,,,,0,,,,,SS,SS,5,
2013,R,ME01,a,rugG,T,2013rug0101G,92,3.53,5.1875,88.57142857,1369.4,6,3.658536585,6.14,14,ME-east,ME,1,
2013,R,ME01,una,rugU,T,2013rug0101U1,79,2.19,7,48.57142857,1590.8,9,5.487804878,6.66,4,ME-east,ME,1,
2013,R,ME01,una,rugU,T,2013rug0101U2,92,2.4,5.25,100,1274,9,6.428571429,5.64,15,ME-east,ME,1,
2013,R,ME01,una,rugU,T,2013rug0101U1,103,3.35,4.75,90,3229.2,13,6.018518519,8.9,8,ME-east,ME,1,
2013,R,ME01,una,rugU,T,2013rug0101U2,94,2.88,4,120,2180.4,11,5.97826087,5.22,12,ME-east,ME,1,
2013,R,ME01,a,rugG,T,2013rug0102G,87,3,3.9375,121.4285714,1681,10,6.097560976,6.1,12,ME-east,ME,1,
2013,R,ME01,una,rugU,T,2013rug0102U1,78,2.85,5.875,68.57142857,1653.6,7,4.487179487,7.02,16,ME-east,ME,1,
2013,R,ME01,una,rugU,T,2013rug0102U2,84,2.48,5.875,101.4285714,806.2,8,6.896551724,3.58,2,ME-east,ME,1,
2013,R,ME01,una,rugU,T,2013rug0102U1,68,2.45,4,157.1428571,1460.6,9,6.71641791,4.78,11,ME-east,ME,1,
2013,R,ME01,una,rugU,T,2013rug0102U2,133,3.05,2.625,57.14285714,2386.8,9,4.411764706,7.12,15,ME-east,ME,1,
2013,R,ME01,a,,F,2013rug0103G,76,,6.75,71.42857143,0,,,,,ME-east,ME,1,
2013,R,ME01,una,rugU,T,2013rug0103U1,61,1.81,5.5,110,610,7,7,3.16,6,ME-east,ME,1,
2013,R,ME01,una,rugU,T,2013rug0103U2,78,2.2,4.375,92.85714286,1177.2,9,8.333333333,6.34,7,ME-east,ME,1,
2013,R,ME01,una,rugU,T,2013rug0103U1,100,3.7,4.375,51.42857143,2648.1,14,7.216494845,5.08,11,ME-east,ME,1,
2013,R,ME01,una,rugU,T,2013rug0103U2,103,3.28,4.375,80,2277,9,5,8.88,8,ME-east,ME,1,
2013,R,ME01,a,rugG,T,2013rug0104G,63,1.8,4.25,42.85714286,1303.2,7,4.861111111,3.3,9,ME-east,ME,1,
2013,R,ME01,una,rugU,T,2013rug0104U1,79,2.15,5.5,20,2470,7,3.684210526,4.58,5,ME-east,ME,1,
2013,R,ME01,una,rugU,T,2013rug0104U2,102,2.9,4.375,57.14285714,3222,10,5.555555556,6.4,5,ME-east,ME,1,
2013,R,ME01,a,rugG,T,2013rug0105G,97,3.05,4.5,70,2415.6,12,6.060606061,8.96,14,ME-east,ME,1,
2013,R,ME01,una,rugU,T,2013rug0105U1,100,3.04,7.0625,72.85714286,1806,14,8.139534884,8.4,6,ME-east,ME,1,
2013,R,ME01,una,rugU,T,2013rug0105U2,85,2.98,5.0625,50,1804.2,14,7.52688172,5.74,7,ME-east,ME,1,
2013,R,ME01,una,rugU,T,2013rug0105U1,112,2.92,5.8125,44.28571429,2384.5,7,3.684210526,5.94,13,ME-east,ME,1,
2013,R,ME01,una,rugU,T,2013rug0105U2,117,3.87,8.125,50,2574,11,6.111111111,7.76,15,ME-east,ME,1,
2013,R,ME01,a,rugG,T,2013rug0106G,67,3.4,3.5,121.4285714,1960,11,6.875,4.08,18,ME-east,ME,1,
2013,R,ME01,una,rugU,T,2013rug0106U1,28,1.88,3.625,70,625.6,8,8.695652174,2.86,22,ME-east,ME,1,
2013,R,ME01,una,rugU,T,2013rug0106U2,47,2.82,4,172.8571429,1038.4,10,8.474576271,3.78,22,ME-east,ME,1,
2013,R,ME01,una,rugU,T,2013rug0106U1,94,2.98,4.75,92.85714286,2660.6,8,3.773584906,10.14,13,ME-east,ME,1,
2013,R,ME01,una,rugU,T,2013rug0106U2,112,3.3,3,54.28571429,1808.8,12,7.894736842,3.12,19,ME-east,ME,1,
2013,R,ME01,a,rugG,T,2013rug0107G,74,2.19,4.25,38.57142857,1448,11,6.875,3.86,17,ME-east,ME,1,
2013,R,ME01,una,rugU,T,2013rug0107U1,91,2.75,5.25,60,2969.4,13,6.435643564,8.36,8,ME-east,ME,1,
2013,R,ME01,una,rugU,T,2013rug0107U2,126,3.68,5,57.14285714,2216.1,5,3.012048193,3.88,5,ME-east,ME,1,
2013,R,ME01,a,rugG,T,2013rug0108G,92,2.27,3.6875,52.85714286,1953,11,6.111111111,3.62,9,ME-east,ME,1,
2013,R,ME01,una,rugU,T,2013rug0108U1,72,2.03,4.875,44.28571429,1850.9,7,4.21686747,2.48,9,ME-east,ME,1,
2013,R,ME01,una,rugU,T,2013rug0108U2,110,3.12,3.25,51.42857143,2696.6,8,4.12371134,3.5,4,ME-east,ME,1,
2013,R,ME01,a,rugG,T,2013rug019G,88,2.39,3.9375,57.14285714,3862.8,8,3.448275862,5.52,2,ME-east,ME,1,
2013,R,ME01,una,rugU,T,2013rug0109U1,138,4.27,4,102.8571429,3666.3,13,5.371900826,13.08,6,ME-east,ME,1,
2013,R,ME01,una,rugU,T,2013rug0109U2,148,3.7,5.9375,48.57142857,2904.4,14,6.603773585,8.36,4,ME-east,ME,1,
2013,R,ME01,a,rugG,T,2013rug0110G,124,3.64,5.5625,97.14285714,2494,11,4.74137931,6.26,7,ME-east,ME,1,
2013,R,ME01,una,rugU,T,2013rug0110U1,114,3.49,3.625,71.42857143,2522,11,5.670103093,6,8,ME-east,ME,1,
2013,R,ME01,una,rugU,T,2013rug0110U2,126,3.94,4.375,98.57142857,2427.3,14,8.045977011,5.38,18,ME-east,ME,1,
2013,R,ME01,a,rugG,T,2013rug0111G,60,2.68,4.8125,68.57142857,1131,13,10,5.56,39,ME-east,ME,1,
2013,R,ME01,una,rugU,T,2013rug0111U1,65,1.85,3.875,40,1828.8,8,5.555555556,5.94,7,ME-east,ME,1,
2013,R,ME01,una,rugU,T,2013rug0111U2,79,2.97,5.375,72.85714286,2108,9,5.294117647,7.86,5,ME-east,ME,1,
2013,R,ME01,a,rugG,T,2013rug0112G,88,2.21,4.75,55.71428571,2682.9,9,4.545454545,8.24,10,ME-east,ME,1,
2013,R,ME01,una,rugU,T,2013rug0112U1,100,3.79,5,54.28571429,3485.4,9,4.054054054,12.14,12,ME-east,ME,1,
2013,R,ME01,una,rugU,T,2013rug0112U2,91,3.63,5,85.71428571,1671.6,9,5.357142857,6.02,22,ME-east,ME,1,
2013,R,ME01,a,rugG,T,2013rug0113G,69,1.65,3.8125,40,760.5,5,3.846153846,3.46,15,ME-east,ME,1,
2013,R,ME01,una,rugU,T,2013rug0113U1,76,2.63,2.375,51.42857143,2314.4,11,6.25,6.32,6,ME-east,ME,1,
2013,R,ME01,una,rugU,T,2013rug0113U2,76,2.58,2.125,58.57142857,1142.4,10,9.803921569,5.72,27,ME-east,ME,1,
2013,R,ME01,a,rugG,T,2013rug0114G,74,2.28,2.125,51.42857143,1604.4,10,5.952380952,5.56,8,ME-east,ME,1,
2013,R,ME01,una,rugU,T,2013rug0114U1,87,3.03,4.625,68.57142857,2166.3,15,8.620689655,8.58,8,ME-east,ME,1,
2013,R,ME01,una,rugU,T,2013rug0114U2,84,2.6,3.875,60,2402.4,13,7.142857143,9.46,5,ME-east,ME,1,
2013,R,ME01,a,rugG,T,2013rug0115G,61,1.64,2.75,70,1077.3,9,7.142857143,3.36,10,ME-east,ME,1,
2013,R,ME01,una,rugU,T,2013rug0115U1,102,3.69,4.5,58.57142857,3322.2,13,5.752212389,9.38,5,ME-east,ME,1,
2013,R,ME01,una,rugU,T,2013rug0115U2,92,3.4,4.375,108.5714286,1379.7,11,7.534246575,4.74,15,ME-east,ME,1,
2013,R,ME01,a,rugG,T,2013rug0116G,66,1.96,5.625,27.14285714,1373.4,6,4.761904762,5.56,5,ME-east,ME,1,
2013,R,ME01,una,rugU,T,2013rug0116U1,99,2.99,4.5,81.42857143,1966.2,12,6.896551724,7.88,16,ME-east,ME,1,
2013,R,ME01,una,rugU,T,2013rug0116U2,94,2.88,3.25,57.14285714,1927.2,11,6.25,4.74,8,ME-east,ME,1,
2013,A,ME01,una,altU,T,2013alt0101U1,107,4.33,1.4375,180,912,9,4.6875,2.28,7,ME-east,ME,1,
2013,A,ME01,una,altU,T,2013alt0101U2,65,2.22,1.3125,185.7142857,448,4,2.857142857,1.55,17,ME-east,ME,1,
2013,A,ME01,una,altU,T,2013alt0102U1,101,3.49,1.125,160,1200,7,3.645833333,2.64,12,ME-east,ME,1,
2013,A,ME01,una,altU,T,2013alt0102U2,84,2.49,1.25,138.5714286,452.6,7,5.64516129,1.54,60,ME-east,ME,1,
2013,A,ME01,una,altU,T,2013alt0103U1,81,3.38,1.3125,131.4285714,765,8,4.444444444,2.06,40,ME-east,ME,1,
2013,A,ME01,una,altU,T,2013alt0103U2,105,4,1.25,111.4285714,932.8,9,5.113636364,2.98,10,ME-east,ME,1,
2013,A,ME01,una,altU,T,2013alt0104U1,99,3.71,1,131.4285714,931.2,5,2.604166667,1.74,8,ME-east,ME,1,
2013,A,ME01,una,altU,T,2013alt0104U2,93,3.65,1.3125,162.8571429,920,12,6.52173913,2.36,4,ME-east,ME,1,
2013,A,ME01,una,altU,T,2013alt01U5,95,2.36,1.0625,178.5714286,435.2,1,0.735294118,1.3,38,ME-east,ME,1,
2013,A,ME01,una,altU,T,2013alt01U6,97,2.9,1.1875,167.1428571,537.6,12,7.142857143,1.68,38,ME-east,ME,1,
2013,A,ME01,una,altU,T,2013alt01U7,104,2.73,1,215.7142857,575.1,3,2.112676056,2.3,61,ME-east,ME,1,
2013,A,ME01,una,altU,T,2013alt01U8,107,2.79,1.875,292.8571429,556.8,4,2.083333333,2.4,216,ME-east,ME,1,
2013,A,ME01,una,altU,T,2013alt01U9,106,2.84,1.0625,162.8571429,671.5,7,4.117647059,3.72,169,ME-east,ME,1,
2013,A,ME01,una,altU,T,2013alt01U10,84,2.5,1.0625,178.5714286,338,1,0.769230769,1,27,ME-east,ME,1,
2013,A,ME01,una,altU,T,2013alt01U11,107,2.83,1.1875,181.4285714,818.8,6,3.370786517,2.28,28,ME-east,ME,1,
2013,A,ME01,una,altU,T,2013alt01U12,110,2.79,0.9375,134.2857143,651.2,7,3.977272727,3.24,30,ME-east,ME,1,
2013,A,ME01,una,altU,T,2013alt01U13,114,3.38,0.9375,120,1094.4,3,1.5625,2.6,38,ME-east,ME,1,
2013,A,ME01,una,altU,T,2013alt01U14,121,3.21,1.5,131.4285714,1020,5,2.450980392,3.36,29,ME-east,ME,1,
2013,A,ME01,una,altU,T,2013alt01U15,56,2.62,1.0625,112.8571429,364,1,0.892857143,1.1,6,ME-east,ME,1,
2013,A,ME01,una,altU,T,2013alt01U16,112,2.97,1.0625,118.5714286,721.6,6,3.409090909,2.26,28,ME-east,ME,1,
2013,A,ME01,una,altU,T,2013alt01U17,81,2.2,1.125,38.57142857,532.5,4,2.666666667,1.65,96,ME-east,ME,1,
2013,A,ME01,una,altU,T,2013alt01U18,76,2.68,0.8125,94.28571429,666.4,2,1.020408163,1.25,16,ME-east,ME,1,
2013,R,ME02,a,rugG,T,2013rug0201G,99.1,3.73,4.6875,105.7142857,2867.6,12,5.607476636,5.06,15,ME-east,ME,2,
2013,R,ME02,una,rugU,T,2013rug0201U1,102.4,3.25,3.4375,131.4285714,2002,9,5.844155844,5.9,31,ME-east,ME,2,
2013,R,ME02,una,rugU,T,2013rug0201U2,114.1,3.83,3.4375,124.2857143,2246.6,11,5.85106383,6.24,17,ME-east,ME,2,
2013,R,ME02,a,rugG,T,2013rug0202G,102.4,3.65,5.3125,102.8571429,3139.5,9,4.285714286,5.74,16,ME-east,ME,2,
2013,R,ME02,una,rugU,T,2013rug0202U1,109.5,4.13,4.25,87.14285714,2872.8,11,5.092592593,4.8,19,ME-east,ME,2,
2013,R,ME02,una,rugU,T,2013rug0202U2,106,3.49,4.4375,44.28571429,2572.5,11,5.238095238,6,22,ME-east,ME,2,
2013,R,ME02,a,rugG,T,2013rug0203G,96.3,2.39,5.75,60,2563.2,20,10.41666667,6.24,1,ME-east,ME,2,
2013,R,ME02,una,rugU,T,2013rug0203U1,115.6,2.95,3.5625,48.57142857,1433.8,12,8.955223881,8.16,0,ME-east,ME,2,
2013,R,ME02,una,rugU,T,2013rug0203U2,98.3,2.88,4.5,52.85714286,2601.6,13,6.770833333,9.6,10,ME-east,ME,2,
2013,R,ME03,a,rugG,T,2013rug0301G,105.6,3.9,6,44.28571429,1390.4,7,4.430379747,3.56,25,ME-east,ME,3,
2013,R,ME03,una,rugU,T,2013rug0301U1,73,2.85,3.8125,34.28571429,949,6,4.615384615,4,21,ME-east,ME,3,
2013,R,ME03,una,rugU,T,2013rug0301U2,119,3.91,8.3125,72.85714286,1480,10,6.25,4.18,26,ME-east,ME,3,
2013,R,ME04,a,rugG,T,2013rug0401G,83,3.23,5.5625,45.71428571,1019.2,3,2.678571429,4.066666667,4,ME-east,ME,4,
2013,R,ME04,una,rugU,T,2013rug0401U1,81,2.2,8.0625,48.57142857,1080,8,7.407407407,10.1,14,ME-east,ME,4,
2013,R,ME04,una,rugU,T,2013rug0401U2,95,3.11,4.4375,58.57142857,2548,9,4.326923077,4.86,8,ME-east,ME,4,
2013,R,ME04,a,,F,2013rug0402G,82.5,,5.125,110,0,,,,,ME-east,ME,4,
2013,R,ME04,una,,F,2013rug0402U1,80.3,,,,,,,,,ME-east,ME,4,
2013,R,ME04,una,,F,2013rug0402U2,93.6,,,,,,,,,ME-east,ME,4,
2013,R,ME05,a,rugG,T,2013rug0501G,157.6,4.75,4.875,92.85714286,3060.3,14,6.930693069,8.84,13,ME-cent,ME,5,
2013,R,ME05,una,rugU,T,2013rug0501U1,151,4.62,5.5,97.14285714,2428.8,14,7.608695652,6.74,10,ME-cent,ME,5,
2013,R,ME05,una,rugU,T,2013rug0501U2,161.4,5.79,5.25,91.42857143,2331.2,9,4.787234043,9.04,19,ME-cent,ME,5,
2013,R,ME05,a,rugG,T,2013rug0502G,166,5.67,7.5625,110,3727.8,18,7.894736842,10.12,16,ME-cent,ME,5,
2013,R,ME05,una,rugU,T,2013rug0502U1,139.4,3.92,3.6875,101.4285714,2438.8,16,8.791208791,12.06,10,ME-cent,ME,5,
2013,R,ME05,una,rugU,T,2013rug0502U2,168,5.33,6.25,82.85714286,3192,18,8.035714286,8.58,7,ME-cent,ME,5,
2013,R,ME05,a,rugG,T,2013rug0503G,125,3.14,3.5,61.42857143,1919.7,10,6.329113924,6.04,6,ME-cent,ME,5,
2013,R,ME05,una,rugU,T,2013rug0503U1,130.5,3.65,4.25,72.85714286,2124.8,11,6.626506024,6.22,7,ME-cent,ME,5,
2013,R,ME05,una,rugU,T,2013rug0503U2,89.5,2.2,3.9375,27.14285714,1394,11,8.088235294,2.86,0,ME-cent,ME,5,
2013,A,ME05,a,altG,T,2013alt0501G,120.1,4.16,1.5,130,1011.2,10,6.329113924,7.58,0,ME-cent,ME,5,
2013,A,ME05,una,altU,T,2013alt0501U1,112,2.81,1.6875,264.2857143,845.3,13,8.227848101,4.44,0,ME-cent,ME,5,
2013,A,ME05,una,altU,T,2013alt0501U2,89.2,2.89,1.125,187.1428571,767.6,14,9.210526316,5.94,29,ME-cent,ME,5,
2013,A,ME05,a,altG,T,2013alt0502G,91.1,3.67,1.25,205.7142857,614.1,8,5.797101449,2.06,35,ME-cent,ME,5,
2013,A,ME05,una,altU,T,2013alt0502U1,70,2.53,1,145.7142857,417.6,1,0.862068966,1.5,30,ME-cent,ME,5,
2013,A,ME05,una,altU,T,2013alt0502U2,56.9,1.72,1,122.8571429,404.2,3,3.191489362,1.666666667,54,ME-cent,ME,5,
2013,A,ME05,a,altG,T,2013alt0503G,113,2.84,1.4375,178.5714286,505.6,9,5.696202532,2,39,ME-cent,ME,5,
2013,A,ME05,una,altU,T,2013alt0503U1,135,3.9,1.25,142.8571429,858.8,8,5.263157895,2.08,40,ME-cent,ME,5,
2013,A,ME05,una,altU,T,2013alt0503U2,96.5,3,1.3125,47.14285714,647.8,8,4.87804878,1.84,15,ME-cent,ME,5,
2013,A,ME05,a,altG,T,2013alt053.5G,136.1,4.49,0.75,78.57142857,808.4,15,8.720930233,5.24,7,ME-cent,ME,5,
2013,A,ME05,una,altU,T,2013alt054.1U1,122.3,3.4,1,234.2857143,827.2,16,9.090909091,4.1,30,ME-cent,ME,5,
2013,A,ME05,una,altU,T,2013alt054.4U2,133.4,3.52,1.125,291.4285714,1080.7,5,2.475247525,5.166666667,21,ME-cent,ME,5,
2013,A,ME05,a,altG,T,2013alt054.7G,127.5,3.86,1,90,582.2,3,2.112676056,2.266666667,21,ME-cent,ME,5,
2013,A,ME05,una,altU,T,2013alt0505U1,122.9,3.41,1.25,155.7142857,734.7,10,6.329113924,3.04,26,ME-cent,ME,5,
2013,A,ME05,una,altU,T,2013alt055.3U2,120.5,2.71,1.375,182.8571429,353.8,6,5.172413793,2.22,41,ME-cent,ME,5,
2013,A,ME05,a,altG,T,2013alt055.6G,123,4.39,1.25,130,1165.8,5,2.873563218,4.75,9,ME-cent,ME,5,
2013,A,ME05,una,altU,T,2013alt055.9U1,113.5,3.73,1.4375,121.4285714,516.2,6,5.172413793,2.28,39,ME-cent,ME,5,
2013,A,ME05,una,altU,T,2013alt056.2U2,116.2,3.52,1.25,118.5714286,680.4,9,5.357142857,3.74,52,ME-cent,ME,5,
2013,A,ME05,a,altG,T,2013alt056.5G,107,3.83,1.25,222.8571429,784.4,11,7.432432432,3.64,0,ME-cent,ME,5,
2013,A,ME05,una,altU,T,2013alt056.8U1,98.5,2.96,1.0625,231.4285714,1001,11,6.043956044,2.2,0,ME-cent,ME,5,
2013,A,ME05,una,altU,T,2013alt057.4U2,109.6,4.21,0.9375,224.2857143,1135.2,12,6.818181818,3.18,0,ME-cent,ME,5,
2013,A,ME05,a,altG,T,2013alt057.7G,118,3.28,0.875,177.1428571,648,6,4.166666667,1.72,0,ME-cent,ME,5,
2013,A,ME05,una,altU,T,2013alt058U1,115,3.85,0.9375,120,732.6,10,6.756756757,1.9,17,ME-cent,ME,5,
2013,A,ME05,una,altU,T,2013alt058.3U2,108,3.27,1.25,138.5714286,369.2,7,6.730769231,1.24,15,ME-cent,ME,5,
2013,A,ME05,a,altG,T,2013alt058.6G,128.6,4.76,1.5625,94.28571429,168,19,79.16666667,3.6,43,ME-cent,ME,5,
2013,A,ME05,una,altU,T,2013alt058.9U1,118.3,3.43,1.125,124.2857143,900.9,16,8.080808081,4.1,39,ME-cent,ME,5,
2013,A,ME05,una,altU,T,2013alt059.2U2,113.1,3.5,1,178.5714286,1070.6,17,8.415841584,4.6,0,ME-cent,ME,5,
2013,A,ME05,a,altG,T,2013alt059.5G,136.7,3.59,0.5,191.4285714,756.8,5,2.840909091,1.92,26,ME-cent,ME,5,
2013,A,ME05,una,altU,T,2013alt059.8U1,118.2,2.9,0.625,97.14285714,646.1,8,5.633802817,1.62,22,ME-cent,ME,5,
2013,A,ME05,una,altU,T,2013alt0510.1U2,142,3.85,0.875,118.5714286,770,14,9.090909091,4.54,9,ME-cent,ME,5,
2013,R,ME06,a,rugG,T,2013rug061G,74,2.92,3.75,15.71428571,1169.6,12,8.823529412,3.3,11,ME-cent,ME,6,
2013,R,ME06,una,rugU,T,2013rug0601U1,76,3.69,3.625,44.28571429,961.2,13,12.03703704,4.38,12,ME-cent,ME,6,
2013,R,ME06,una,rugU,T,2013rug0601U2,120.5,3.68,5,120,2402.4,8,4.545454545,8.02,7,ME-cent,ME,6,
2013,R,ME06,a,rugG,T,2013rug062G,93.7,2.82,5.125,127.1428571,1663.8,12,6.382978723,7.04,12,ME-cent,ME,6,
2013,R,ME06,una,rugU,T,2013rug0602U1,101.8,3.42,3.875,68.57142857,2029.2,12,6.741573034,5.62,9,ME-cent,ME,6,
2013,R,ME06,una,rugU,T,2013rug0602U2,93.1,2.88,4.625,60,1683,13,7.222222222,5.02,9,ME-cent,ME,6,
2013,R,ME06,a,rugG,T,2013rug063G,66,2,1.1875,30,1025.1,9,6.71641791,3.68,4,ME-cent,ME,6,
2013,R,ME06,una,rugU,T,2013rug0603U1,49.6,2.2,2.9375,74.28571429,1062,7,5.833333333,5.6,8,ME-cent,ME,6,
2013,R,ME06,una,rugU,T,2013rug0603U2,75.1,2.2,3.25,77.14285714,1259.6,9,6.71641791,5.66,2,ME-cent,ME,6,
2013,R,ME06,a,rugG,T,2013rug064G,85.2,2.9,5.5,67.14285714,1245,16,10.66666667,4.44,22,ME-cent,ME,6,
2013,R,ME06,una,rugU,T,2013rug0604U1,100.1,3.05,6.5,38.57142857,1020.6,11,8.73015873,2.74,16,ME-cent,ME,6,
2013,R,ME06,una,rugU,T,2013rug0604U2,113.6,3.68,5.25,67.14285714,1085,11,7.857142857,5.72,31,ME-cent,ME,6,
2013,A,ME06,a,altG,T,2013alt061G,121.5,4.25,1.125,240,930,13,6.5,2.76,168,ME-cent,ME,6,
2013,A,ME06,una,altU,T,2013alt0601U1,97.6,2.54,2.125,108.5714286,511.2,7,4.929577465,5.08,16,ME-cent,ME,6,
2013,A,ME06,una,altU,T,2013alt0601U2,153.6,4.74,1.375,258.5714286,1029.6,13,6.565656566,2,212,ME-cent,ME,6,
2013,A,ME06,una,altU,T,2013alt06U2,120,4.14,1.5,178.5714286,1008,14,8.333333333,2.2,7,ME-cent,ME,6,
2013,A,ME06,una,altU,T,2013alt06U3,99,3.06,1.25,182.8571429,763.8,5,3.731343284,3.2,101,ME-cent,ME,6,
2013,A,ME06,una,altU,T,2013alt06U4,103,3.89,1.3125,155.7142857,539.5,6,4.615384615,2.66,204,ME-cent,ME,6,
2013,A,ME06,una,altU,T,2013alt06U5,73,2.86,0.6875,118.5714286,390.6,3,2.419354839,2.733333333,148,ME-cent,ME,6,
2013,A,ME06,una,altU,T,2013alt06U6,120,5.06,0.75,191.4285714,937.4,6,3.488372093,5.6,109,ME-cent,ME,6,
2013,A,ME06,una,altU,T,2013alt06U7,120,4.96,1.5,152.8571429,1108.8,9,4.545454545,2.68,3,ME-cent,ME,6,
2013,A,ME06,una,altU,T,2013alt06U8,127,4.37,1.625,170,966,11,5.97826087,2.96,8,ME-cent,ME,6,
2013,A,ME06,una,altU,T,2013alt06U9,85,3.05,0.5625,247.1428571,683.1,6,4.347826087,3.6,100,ME-cent,ME,6,
2013,A,ME06,una,altU,T,2013alt06U10,85,3.74,1.25,271.4285714,605.9,6,4.109589041,2.34,180,ME-cent,ME,6,
2013,R,ME07,a,rugG,T,2013rug071G,110.8,3.13,4.375,114.2857143,2131.1,11,5.445544554,6.66,19,ME-cent,ME,7,
2013,R,ME07,una,rugU,T,2013rug0701U1,86.9,3.01,3.6875,47.14285714,1200,10,8.333333333,7.44,23,ME-cent,ME,7,
2013,R,ME07,una,rugU,T,2013rug0701U2,68.3,2.72,3.9375,71.42857143,2217.2,14,7.608695652,5.3,14,ME-cent,ME,7,
2013,R,ME07,a,rugG,T,2013rug0702G,75,2.56,4.25,55.71428571,896.7,10,8.196721311,7.42,7,ME-cent,ME,7,
2013,R,ME07,una,rugU,T,2013rug0702U1,84.8,2.86,4.625,55.71428571,736,10,7.8125,5.54,8,ME-cent,ME,7,
2013,R,ME07,una,rugU,T,2013rug0702U2,64,2.1,8.125,81.42857143,970.2,11,8.333333333,5.46,13,ME-cent,ME,7,
2013,R,ME07,a,rugG,T,2013rug0703G,85.6,2.72,3.375,94.28571429,1143.1,11,7.746478873,5.5,16,ME-cent,ME,7,
2013,R,ME07,una,rugU,T,2013rug0703U1,77.5,2.67,5.375,61.42857143,1159.2,10,6.944444444,6.18,15,ME-cent,ME,7,
2013,R,ME07,una,rugU,T,2013rug0703U2,72.8,2.75,4.3125,80,906.3,15,13.15789474,5,18,ME-cent,ME,7,
2013,R,ME07,a,rugG,T,2013rug0704G,76.6,2.22,4.5,55.71428571,732,11,9.016393443,3.06,12,ME-cent,ME,7,
2013,R,ME07,una,rugU,T,2013rug0704U1,105.2,3.28,4.375,77.14285714,2041.8,20,12.04819277,4.78,8,ME-cent,ME,7,
2013,R,ME07,una,rugU,T,2013rug0704U2,126.6,3.08,3.625,32.85714286,2275,19,10.43956044,5.9,8,ME-cent,ME,7,
2013,R,ME07,a,rugG,T,2013rug0705G,71,3.15,3.0625,72.85714286,1152,12,8.333333333,2.92,17,ME-cent,ME,7,
2013,R,ME07,una,rugU,T,2013rug0705U1,57.5,2.16,4.125,52.85714286,560.5,10,8.474576271,2.82,30,ME-cent,ME,7,
2013,R,ME07,una,rugU,T,2013rug0705U2,81.1,3.28,4,60,686.4,11,8.333333333,3.84,11,ME-cent,ME,7,
2013,R,ME07,a,rugG,T,2013rug0706G,98.1,2.74,3.375,77.14285714,2910.3,12,6.741573034,4.8,5,ME-cent,ME,7,
2013,R,ME07,una,rugU,T,2013rug0706U1,110.5,3.94,6.0625,78.57142857,1958.8,10,6.024096386,3.84,11,ME-cent,ME,7,
2013,R,ME07,una,rugU,T,2013rug0706U2,68.8,2.31,4.875,32.85714286,1165.8,8,5.970149254,3.08,10,ME-cent,ME,7,
2013,A,ME07,a,altG,T,2013alt0701G,103.8,3.39,1.0625,104.2857143,562.5,8,5.333333333,1.5,40,ME-cent,ME,7,
2013,A,ME07,una,altU,T,2013alt0701U1,141.5,4.97,0.9375,140,1281,18,7.37704918,3.6,0,ME-cent,ME,7,
2013,A,ME07,una,altU,T,2013alt0701U2,146.7,5.63,1,115.7142857,1612.5,15,5.813953488,3.36,0,ME-cent,ME,7,
2013,A,ME07,una,altU,T,2013alt07U2,92,3.06,0.9375,201.4285714,1161.6,5,2.604166667,3.3,1,ME-cent,ME,7,
2013,A,ME07,una,altU,T,2013alt07U3,106,2.83,1.75,110,600,12,7.5,1.92,28,ME-cent,ME,7,
2013,A,ME07,una,altU,T,2013alt07U4,75,2.74,1.0625,184.2857143,891.8,4,2.197802198,1.475,21,ME-cent,ME,7,
2013,A,ME07,una,altU,T,2013alt07U5,121,4.23,1,184.2857143,1544.4,11,5.092592593,4.98,3,ME-cent,ME,7,
2013,A,ME07,una,altU,T,2013alt07U6,112,3.18,1,150,688.5,12,7.058823529,3.7,24,ME-cent,ME,7,
2013,A,ME07,una,altU,T,2013alt07U7,106,3.55,1.125,104.2857143,1080,16,8.888888889,3.16,2,ME-cent,ME,7,
2013,A,ME07,una,altU,T,2013alt07U8,99,3.64,1,231.4285714,736,11,6.875,2.46,35,ME-cent,ME,7,
2013,A,ME07,una,altU,T,2013alt07U9,75,2.74,1.125,75.71428571,622.5,7,4.21686747,1.98,19,ME-cent,ME,7,
2013,A,ME07,una,altU,T,2013alt07U10,122,4.17,1.0625,285.7142857,959.5,8,3.96039604,3.64,38,ME-cent,ME,7,
2013,A,ME07,una,altU,T,2013alt07U11,105,3.35,0.875,30,651.2,13,7.386363636,2.36,30,ME-cent,ME,7,
2013,A,ME07,una,altU,T,2013alt07U12,105,3.69,0.75,100,1059.1,9,5.056179775,5.16,6,ME-cent,ME,7,
2013,A,ME07,una,altU,T,2013alt07U13,104,3.03,1.875,221.4285714,608.3,6,3.896103896,2.65,12,ME-cent,ME,7,
2013,A,ME07,una,altU,T,2013alt07U14,99,3.78,0.875,130,497.7,4,3.174603175,1.6,15,ME-cent,ME,7,
2013,A,ME07,una,altU,T,2013alt07U15,98,3.52,1.125,140,1134.9,5,2.577319588,2.94,36,ME-cent,ME,7,
2013,A,ME07,una,altU,T,2013alt07U16,92,2.8,1.75,68.57142857,174.9,3,4.545454545,1.133333333,8,ME-cent,ME,7,
2013,R,ME08,a,rugG,T,2013rug0801G,134.5,4.77,5,60,2184.5,13,7.647058824,7.58,28,ME-cent,ME,8,
2013,R,ME08,una,rugU,T,2013rug0801U1,114.9,3.12,5.75,78.57142857,1663.2,14,9.090909091,10.28,14,ME-cent,ME,8,
2013,R,ME08,una,,F,2013rug0801U2,126.5,,,,,,,,,ME-cent,ME,8,
2013,R,ME08,a,rugG,T,2013rug0802G,119.5,4.76,6.25,104.2857143,2226.4,14,7.954545455,5.38,14,ME-cent,ME,8,
2013,R,ME08,una,rugU,T,2013rug0802U1,143.5,5.08,6.6875,92.85714286,2908.8,16,8.333333333,8.28,18,ME-cent,ME,8,
2013,R,ME08,una,rugU,T,2013rug0802U2,99,5.56,5,110,630.2,5,5.434782609,3.35,17,ME-cent,ME,8,
2013,R,ME08,a,rugG,T,2013rug0803G,76.4,2.56,4.875,110,121.8,7,50,4.4,15,ME-cent,ME,8,
2013,R,ME08,una,rugU,T,2013rug0803U1,109.8,3.75,5.25,77.14285714,3272.4,10,4.62962963,9.02,10,ME-cent,ME,8,
2013,R,ME08,una,rugU,T,2013rug0803U2,67.5,3.73,4.75,74.28571429,2180.8,8,4.255319149,6.02,13,ME-cent,ME,8,
2013,R,ME08,a,rugG,T,2013rug0804G,122.2,3.77,6,104.2857143,2576,11,5.97826087,5.4,18,ME-cent,ME,8,
2013,R,ME08,una,rugU,T,2013rug0804U1,72.7,2.31,4.125,45.71428571,891,2,1.851851852,6.2,6,ME-cent,ME,8,
2013,R,ME08,una,rugU,T,2013rug0804U2,111.6,3.26,6,90,1467.3,14,10.44776119,4.54,3,ME-cent,ME,8,
2013,R,ME08,a,rugG,T,2013rug0805G,79,2.69,4.875,128.5714286,1267.2,11,8.333333333,3.38,11,ME-cent,ME,8,
2013,R,ME08,una,rugU,T,2013rug0805U1,114.2,3.68,7.5,112.8571429,2182.9,9,5.421686747,4.4,8,ME-cent,ME,8,
2013,R,ME08,una,rugU,T,2013rug0805U2,95.9,2.92,5.375,44.28571429,1925.6,12,7.228915663,5.94,16,ME-cent,ME,8,
2013,R,ME08,a,rugG,T,2013rug0806G,93.2,2.82,4.875,107.1428571,1216.8,11,7.638888889,5.32,8,ME-cent,ME,8,
2013,R,ME08,una,rugU,T,2013rug0806U1,129.1,3.93,6.4375,45.71428571,2166.3,13,7.831325301,6.4,1,ME-cent,ME,8,
2013,R,ME08,una,rugU,T,2013rug0806U2,113.7,3.36,6.625,45.71428571,2046.8,17,9.88372093,8.06,9,ME-cent,ME,8,
2013,R,ME08,a,rugG,T,2013rug086.54545454545455G,131.3,5.61,6.625,80,2038.2,16,10.12658228,8,16,ME-cent,ME,8,
2013,R,ME08,una,rugU,T,2013rug086.86013986013986U1,116.9,4.26,7.375,64.28571429,3088.8,12,6.060606061,12.34,3,ME-cent,ME,8,
2013,R,ME08,una,rugU,T,2013rug087.17482517482518U2,118.5,3.58,6.0625,87.14285714,2290.8,15,9.036144578,9.98,11,ME-cent,ME,8,
2013,R,ME08,a,rugG,T,2013rug087.80419580419581G,94.5,3.19,5.9375,87.14285714,2583,11,6.111111111,6.14,7,ME-cent,ME,8,
2013,R,ME08,una,rugU,T,2013rug088.11888111888112U1,74,2.35,5.6875,100,778.8,14,15.90909091,3.78,5,ME-cent,ME,8,
2013,R,ME08,una,rugU,T,2013rug088.43356643356643U2,83.2,2.85,6.25,65.71428571,712.8,17,19.31818182,3.46,22,ME-cent,ME,8,
2013,R,ME08,a,rugG,T,2013rug088.74825174825175G,107.9,4.05,6.125,57.14285714,1917.3,10,6.024096386,9.14,15,ME-cent,ME,8,
2013,R,ME08,una,rugU,T,2013rug089.06293706293706U1,71,2.06,4.75,51.42857143,1788.5,8,5.479452055,8.54,20,ME-cent,ME,8,
2013,R,ME08,una,rugU,T,2013rug089.37762237762238U2,84.6,2.78,4.8125,52.85714286,1146.6,5,3.968253968,5.7,19,ME-cent,ME,8,
2013,R,ME08,a,rugG,T,2013rug089.69230769230769G,75.6,2.25,6.25,87.14285714,1058.6,12,8.955223881,4.94,27,ME-cent,ME,8,
2013,R,ME08,una,rugU,T,2013rug0810.006993006993U1,89.1,2.79,7.375,47.14285714,1578.5,11,7.142857143,5.62,36,ME-cent,ME,8,
2013,R,ME08,una,rugU,T,2013rug0810.3216783216783U2,82.5,3,6.625,115.7142857,955.5,11,8.461538462,5.7,44,ME-cent,ME,8,
2013,R,ME08,a,rugG,T,2013rug0810.6363636363636G,102.6,2.36,5.5,17.14285714,845.6,10,8.928571429,3.78,31,ME-cent,ME,8,
2013,R,ME08,una,rugU,T,2013rug0810.9510489510489U1,133.5,4.08,5.375,64.28571429,2731.8,14,8.045977011,5.5,10,ME-cent,ME,8,
2013,R,ME08,una,rugU,T,2013rug0811.2657342657343U2,138.7,2.93,6.25,27.14285714,1663.2,11,7.142857143,7.68,4,ME-cent,ME,8,
2013,A,ME08,a,altG,T,2013alt0801G,85.5,2.59,1.1875,134.2857143,852.8,8,4.87804878,2.44,13,ME-cent,ME,8,
2013,A,ME08,una,altU,T,2013alt0801U1,116.4,4.34,1.125,165.7142857,185.9,9,40.90909091,3.48,3,ME-cent,ME,8,
2013,A,ME08,una,altU,T,2013alt0801U2,128.3,4.22,1.375,174.2857143,921.2,4,2.127659574,1.775,9,ME-cent,ME,8,
2013,A,ME08,a,altG,T,2013alt0801G,113.1,3.69,2,27.14285714,1456,6,3.296703297,3.22,9,ME-cent,ME,8,
2013,A,ME08,una,altU,T,2013alt0802U1,125,4.41,1.3125,82.85714286,1232.5,9,5.294117647,4,0,ME-cent,ME,8,
2013,A,ME08,una,altU,T,2013alt0802U2,101.1,3.12,1.1875,58.57142857,1069.2,12,7.407407407,3.88,0,ME-cent,ME,8,
2013,A,ME08,a,altG,T,2013alt0803G,96.2,2.77,0.9375,135.7142857,535.5,7,5.555555556,2.24,186,ME-cent,ME,8,
2013,A,ME08,una,altU,T,2013alt0803U1,123,3.74,0.875,120,1155.6,17,7.943925234,1.98,62,ME-cent,ME,8,
2013,A,ME08,una,altU,T,2013alt0803U2,149.5,4.15,1.5,184.2857143,1092.5,10,4.347826087,2.62,2,ME-cent,ME,8,
2013,A,ME08,a,altG,T,2013alt0804G,111,3.26,1,275.7142857,475.2,6,4.166666667,1.88,116,ME-cent,ME,8,
2013,A,ME08,una,altU,T,2013alt0804U1,139.6,4.58,0.625,125.7142857,283.8,3,3.488372093,1.8,78,ME-cent,ME,8,
2013,A,ME08,una,altU,T,2013alt0804U2,135.8,3.63,1,140,562.8,8,4.761904762,1.7,50,ME-cent,ME,8,
2013,A,ME08,a,altG,T,2013alt0805G,96.2,2.89,1.5625,305.7142857,990,8,4.04040404,4.18,12,ME-cent,ME,8,
2013,A,ME08,una,altU,T,2013alt0805U1,70,2.16,1.875,48.57142857,671.5,4,2.352941176,1.425,38,ME-cent,ME,8,
2013,A,ME08,una,altU,T,2013alt0805U2,81.1,2.29,1.6875,164.2857143,716.1,8,4.301075269,3.28,49,ME-cent,ME,8,
2013,A,ME08,una,altU,T,2013alt08U6,103,3.34,1.4375,165.7142857,592.5,14,9.333333333,2.56,14,ME-cent,ME,8,
2013,A,ME08,una,altU,T,2013alt08U7,124,5.35,2.375,124.2857143,1428,8,3.80952381,5.08,0,ME-cent,ME,8,
2013,A,ME08,una,altU,T,2013alt08U8,110,3.97,0.75,164.2857143,362.1,3,2.941176471,2.2,8,ME-cent,ME,8,
2013,A,ME08,una,altU,T,2013alt08U9,118,3.41,1.5,161.4285714,1567.5,4,2.105263158,3.85,0,ME-cent,ME,8,
2013,A,ME08,una,altU,T,2013alt08U10,127,5.28,1.375,84.28571429,351.9,2,1.960784314,1.65,93,ME-cent,ME,8,
2013,A,ME08,una,altU,T,2013alt08U11,122,3.6,0.8125,271.4285714,568.8,6,3.797468354,2.78,133,ME-cent,ME,8,
2013,A,ME08,una,altU,T,2013alt08U12,129,5.46,1.125,151.4285714,501.5,2,1.694915254,1.35,63,ME-cent,ME,8,
2013,A,ME08,una,altU,T,2013alt08U13,109,3,0.6875,205.7142857,284.2,4,3.448275862,1.75,31,ME-cent,ME,8,
2013,A,ME08,una,altU,T,2013alt08U14,117,3.12,1.375,148.5714286,626.4,3,2.083333333,2.366666667,156,ME-cent,ME,8,
2013,A,ME08,una,altU,T,2013alt08U15,135,4.72,0.8125,207.1428571,608.4,11,7.051282051,3.76,41,ME-cent,ME,8,
2013,A,ME08,una,altU,T,2013alt08U16,97,4.21,1.125,208.5714286,548.1,4,3.174603175,1.4,17,ME-cent,ME,8,
2013,A,ME08,una,altU,T,2013alt08U17,140,6.01,1.375,297.1428571,1843.2,9,3.125,3.98,0,ME-cent,ME,8,
2013,A,ME08,una,altU,T,2013alt08U18,108,3.32,1.125,88.57142857,246.4,2,2.272727273,1.75,23,ME-cent,ME,8,
2013,A,ME08,una,altU,T,2013alt08U19,150,4.44,1.25,77.14285714,959.4,8,5.128205128,1.92,5,ME-cent,ME,8,
2013,A,ME08,una,altU,T,2013alt08U20,102,3.89,1.125,100,376.2,3,2.272727273,4.3,29,ME-cent,ME,8,
2013,R,ME09,a,rugG,T,2013rug0901G,86.1,2.17,0.5,104.2857143,455,7,7,3.64,55,ME-west,ME,9,
2013,R,ME09,una,rugU,T,2013rug0901U1,60.3,1.84,2.8125,62.85714286,513.6,9,9.375,2.66,27,ME-west,ME,9,
2013,R,ME09,una,rugU,T,2013rug0901U2,108.3,3.8,5.25,65.71428571,670,5,5,2.9,12,ME-west,ME,9,
2013,R,ME09,a,rugG,T,2013rug0902G,60.6,1.89,7,48.57142857,1216.6,10,6.493506494,4.7,19,ME-west,ME,9,
2013,R,ME09,una,rugU,T,2013rug0902U1,116.1,3.44,5.625,117.1428571,1462,16,11.76470588,3.88,17,ME-west,ME,9,
2013,R,ME09,una,rugU,T,2013rug0902U2,109.6,2.93,7.125,135.7142857,1576.2,11,7.432432432,5.74,17,ME-west,ME,9,
2013,R,ME09,a,rugG,T,2013rug0903G,112.1,3.34,4.9375,55.71428571,1113.6,8,6.25,7.58,12,ME-west,ME,9,
2013,R,ME09,una,rugU,T,2013rug0903U1,88.1,2.81,3.5,57.14285714,948,8,6.666666667,4.2,9,ME-west,ME,9,
2013,R,ME09,una,rugU,T,2013rug0903U2,98.3,2.59,3.0625,92.85714286,1361.6,12,8.108108108,5.58,21,ME-west,ME,9,
2013,R,ME09,a,rugG,T,2013rug0904G,107.2,2.8,4.4375,72.85714286,1452,9,5.113636364,4.4,19,ME-west,ME,9,
2013,R,ME09,una,rugU,T,2013rug0904U1,123.5,2.95,4.875,61.42857143,1696.8,7,4.166666667,4.56,15,ME-west,ME,9,
2013,R,ME09,una,rugU,T,2013rug0904U2,134.9,3.98,4.75,155.7142857,2166.3,13,7.471264368,5.16,8,ME-west,ME,9,
2013,R,ME09,a,rugG,T,2013rug0905G,55.9,2.32,3.1875,61.42857143,1199.9,14,9.85915493,3.4,28,ME-west,ME,9,
2013,R,ME09,una,rugU,T,2013rug0905U1,42.5,1.86,2.5,81.42857143,899,7,5.64516129,3.4,35,ME-west,ME,9,
2013,R,ME09,una,rugU,T,2013rug0905U2,39,1.54,4.75,42.85714286,1134.2,8,7.547169811,5.64,8,ME-west,ME,9,
2013,R,ME09,a,rugG,T,2013rug0906G,93.1,2.43,5.375,77.14285714,1385.8,8,4.87804878,5.94,4,ME-west,ME,9,
2013,R,ME09,una,rugU,T,2013rug0906U2,87.5,2.55,4.9375,84.28571429,1083.3,10,7.246376812,4.92,12,ME-west,ME,9,
2013,R,ME09,a,rugG,T,2013rug0907G,106.5,4.29,4.6875,77.14285714,1905.3,18,10.34482759,5.26,21,ME-west,ME,9,
2013,R,ME09,una,rugU,T,2013rug0907U1,111,4.04,4.5625,84.28571429,2401.2,11,5.97826087,5.32,12,ME-west,ME,9,
2013,R,ME09,una,rugU,T,2013rug0907U2,61.5,2.87,4,114.2857143,945.5,15,12.29508197,4.48,31,ME-west,ME,9,
2013,R,ME09,a,rugG,T,2013rug0908G,108,3.18,4.5625,80,1983.4,14,7.446808511,5.26,19,ME-west,ME,9,
2013,R,ME09,una,rugU,T,2013rug0908U1,97.2,2.37,5.4375,55.71428571,1983.4,16,8.510638298,5.92,13,ME-west,ME,9,
2013,R,ME09,una,rugU,T,2013rug0908U2,74.7,2.14,4.5,82.85714286,838.4,12,9.375,3.78,11,ME-west,ME,9,
2013,A,ME09,una,altU,T,2013alt09U1,113.5,3.12,0.9375,100,568.8,5,3.472222222,1.4,20,ME-west,ME,9,
2013,A,ME09,una,altU,T,2013alt09U2,96.1,4.22,1.25,115.7142857,773.5,7,4.117647059,2.36,0,ME-west,ME,9,
2013,A,ME09,una,altU,T,2013alt09U3,89.8,3.63,1.1875,127.1428571,677.6,5,3.246753247,2.64,3,ME-west,ME,9,
2013,A,ME09,una,altU,T,2013alt09U4,92.7,3.4,1.125,132.8571429,790.5,7,4.117647059,2.56,34,ME-west,ME,9,
2013,A,ME09,una,altU,T,2013alt09U5,123.4,3.22,1,211.4285714,999.1,11,5.339805825,2.52,0,ME-west,ME,9,
2013,A,ME09,una,altU,T,2013alt09U6,91.7,2.4,1.0625,204.2857143,608,7,4.605263158,2.12,23,ME-west,ME,9,
2013,A,ME09,una,altU,T,2013alt09U7,106.5,2.92,1.375,252.8571429,1041.6,8,4.301075269,2.5,0,ME-west,ME,9,
2013,A,ME09,una,altU,T,2013alt09U8,105.3,2.98,1.0625,111.4285714,999.1,2,1.030927835,1.6,20,ME-west,ME,9,
2013,A,ME09,una,altU,T,2013alt09U9,113.9,2.7,1.3125,157.1428571,896.1,7,4.022988506,1.36,1,ME-west,ME,9,
2013,A,ME09,una,altU,T,2013alt09U10,142.1,3.89,1.125,198.5714286,1280,6,3,2.1,0,ME-west,ME,9,
2013,A,ME09,una,altU,T,2013alt09U11,89.2,2.63,0.8125,91.42857143,803.6,7,4.268292683,2.18,0,ME-west,ME,9,
2013,A,ME09,una,altU,T,2013alt09U12,77.7,1.94,1.25,74.28571429,631.8,6,3.846153846,2.2,15,ME-west,ME,9,
2013,A,ME09,una,altU,T,2013alt09U13,93.1,3.13,1.1875,135.7142857,530.7,3,2.459016393,2.5,12,ME-west,ME,9,
2013,A,ME09,una,altU,T,2013alt09U14,133,3.52,2,160,813.4,6,3.614457831,3.22,30,ME-west,ME,9,
2013,A,ME09,una,altU,T,2013alt09U15,121.1,3.05,1.125,221.4285714,523.6,7,5.147058824,1.96,29,ME-west,ME,9,
2013,A,ME09,una,altU,T,2013alt09U16,70.5,2.65,0.875,145.7142857,656.5,5,3.846153846,6.8,46,ME-west,ME,9,
2013,A,ME09,una,altU,T,2013alt09U17,107.2,2.28,1.3125,112.8571429,445.3,7,4.794520548,2.4,31,ME-west,ME,9,
2013,A,ME09,una,altU,T,2013alt09U18,88.1,3.17,1.25,207.1428571,790.5,10,5.882352941,2,24,ME-west,ME,9,
2013,A,ME09,una,altU,T,2013alt09U19,128.7,3.64,1.125,254.2857143,956.8,5,2.717391304,3.1,45,ME-west,ME,9,
2013,A,ME09,una,altU,T,2013alt09U20,124,3.74,1.1875,157.1428571,652.8,6,2.941176471,1.86,15,ME-west,ME,9,
2013,A,ME09,una,altU,T,2013alt09U21,119.8,3.19,1.3125,217.1428571,712,9,5.625,2.5,28,ME-west,ME,9,
2013,A,ME09,una,altU,T,2013alt09U22,124,3.92,1.125,92.85714286,558.9,8,5.797101449,1.92,18,ME-west,ME,9,
2013,A,ME09,una,altU,T,2013alt09U23,133.9,4.59,0.875,64.28571429,1203.6,6,2.941176471,3.16,5,ME-west,ME,9,
2013,A,ME09,una,altU,T,2013alt09U24,131.5,4.76,1.125,65.71428571,1225.5,5,2.631578947,2.42,12,ME-west,ME,9,
2013,A,ME09,una,altU,T,2013alt09U25,118.7,4.27,1.5,185.7142857,1097.6,13,6.632653061,2.84,41,ME-west,ME,9,
2013,R,ME10,a,rugG,T,2013rug1001G,60.6,2.07,5.1875,38.57142857,1804,14,7.954545455,7.2,19,ME-west,ME,10,
2013,R,ME10,una,rugU,T,2013rug1001U1,95.5,3.13,4.9375,61.42857143,1440,17,10.625,5.94,30,ME-west,ME,10,
2013,R,ME10,una,rugU,T,2013rug1001U2,97.5,2.63,4.1875,77.14285714,1804.8,12,6.382978723,8.3,24,ME-west,ME,10,
2013,R,ME10,a,rugG,T,2013rug1002G,93.8,2.76,5.5625,88.57142857,3070.2,15,7.352941176,6.46,9,ME-west,ME,10,
2013,R,ME10,una,rugU,T,2013rug1002U1,85.1,2,7.4375,45.71428571,1806,14,8.139534884,4.44,8,ME-west,ME,10,
2013,R,ME10,una,rugU,T,2013rug1002U2,61.8,1.79,5.25,42.85714286,1644.3,15,9.259259259,2.72,13,ME-west,ME,10,
2013,R,ME10,a,rugG,T,2013rug1003G,110,3.44,5.8125,45.71428571,2297.1,14,7.52688172,5.28,11,ME-west,ME,10,
2013,R,ME10,una,rugU,T,2013rug1003U1,68.2,3.33,6.375,52.85714286,1935,13,7.222222222,5.7,8,ME-west,ME,10,
2013,R,ME10,una,rugU,T,2013rug1003U2,72.6,2.16,5.25,52.85714286,1440,13,8.125,3.58,16,ME-west,ME,10,
2013,R,ME10,a,rugG,T,2013rug1004G,97,2.8,4.6875,60,1969.4,10,5.813953488,8.34,7,ME-west,ME,10,
2013,R,ME10,una,rugU,T,2013rug1004U2,90.8,2.24,4,44.28571429,1520,11,7.236842105,6.56,5,ME-west,ME,10,
2013,R,ME10,a,rugG,T,2013rug1005G,102,3.9,4.875,45.71428571,2719.2,15,7.281553398,6.74,12,ME-west,ME,10,
2013,R,ME10,una,rugU,T,2013rug1005U1,113.2,3.94,5.375,45.71428571,3773.4,10,4.385964912,10.22,14,ME-west,ME,10,
2013,R,ME10,una,rugU,T,2013rug1005U2,106,2.97,5.125,61.42857143,1355.2,13,7.386363636,7.44,14,ME-west,ME,10,
2013,A,ME10,una,altU,T,2013alt10U1,140.6,3.87,0.9375,108.5714286,936,7,4.375,1.74,0,ME-west,ME,10,
2013,A,ME10,una,altU,T,2013alt10U2,147.5,4.66,1,74.28571429,1519.4,9,4.205607477,3.18,5,ME-west,ME,10,
2013,A,ME10,una,altU,T,2013alt10U3,138.8,4.26,0.875,28.57142857,1581,9,4.411764706,1.18,1,ME-west,ME,10,
2013,A,ME10,una,altU,T,2013alt10U4,137.3,4.64,0.8125,21.42857143,1466.4,12,6.382978723,2.18,0,ME-west,ME,10,
2013,A,ME10,una,altU,T,2013alt10U5,143.4,4.22,1,164.2857143,1771.2,9,4.166666667,3.44,2,ME-west,ME,10,
2013,A,ME10,una,altU,T,2013alt10U6,132.8,3.56,1.0625,108.5714286,1267.2,8,4.166666667,1.6,2,ME-west,ME,10,
2013,A,ME10,una,altU,T,2013alt10U7,112.7,4.04,1.1875,137.1428571,1399.2,1,0.471698113,2.06,3,ME-west,ME,10,
2013,R,NY11,a,rugG,T,2013rug1101G,82.2,3.6,4.875,61.42857143,1078,7,6.363636364,3.92,6,NY,NY,11,
2013,R,NY11,una,rugU,T,2013rug1101U1,72.1,1.77,3.875,64.28571429,1664.4,7,4.794520548,5.78,12,NY,NY,11,
2013,R,NY11,una,rugU,T,2013rug1101U2,57.9,1.79,4.625,84.28571429,1379,6,4.285714286,3.66,12,NY,NY,11,
2013,R,NY11,a,rugG,T,2013rug1102G,72.2,2.5,5.1875,94.28571429,1648.2,11,6.707317073,5.04,7,NY,NY,11,
2013,R,NY11,una,rugU,T,2013rug1102U1,74.9,1.9,4.625,102.8571429,998.4,9,7.03125,3.38,20,NY,NY,11,
2013,R,NY11,una,rugU,T,2013rug1102U2,78.1,1.81,4.5,71.42857143,1214.1,13,9.154929577,3.7,18,NY,NY,11,
2013,R,NY11,a,rugG,T,2013rug1103G,100.1,2.94,5.25,75.71428571,1945.8,16,8.510638298,4.94,26,NY,NY,11,
2013,R,NY11,una,rugU,T,2013rug1103U1,71.5,2.05,4.25,72.85714286,774,10,8.333333333,5.26,40,NY,NY,11,
2013,R,NY11,una,rugU,T,2013rug1103U2,65.1,1.63,4.25,90,962.8,14,29.31034483,4.24,11,NY,NY,11,
2013,R,NY11,a,rugG,T,2013rug1104G,63,1.85,2.25,52.85714286,1104,12,10,5.56,15,NY,NY,11,
2013,R,NY11,una,rugU,T,2013rug1104U1,62.5,1.99,3.6875,42.85714286,1319.9,9,6.71641791,5.24,23,NY,NY,11,
2013,R,NY11,una,rugU,T,2013rug1104U2,90.5,2.25,3.375,88.57142857,980.2,10,8.620689655,3.9,24,NY,NY,11,
2013,R,NY11,a,rugG,T,2013rug1105G,83.1,2.23,3.25,74.28571429,1784.8,8,4.347826087,6.44,8,NY,NY,11,
2013,R,NY11,una,rugU,T,2013rug1105U1,100,3.58,6.5,80,3026.4,12,5.769230769,7.36,9,NY,NY,11,
2013,R,NY11,una,rugU,T,2013rug1105U2,53.1,1.47,4.3125,30,1000.8,7,4.861111111,3.44,12,NY,NY,11,
2013,R,NY11,a,rugG,T,2013rug1106G,93.4,2.08,3.25,77.14285714,1801.8,15,9.74025974,8.86,15,NY,NY,11,
2013,R,NY11,una,rugU,T,2013rug1106U1,80.1,2.11,2.625,75.71428571,1261,11,8.461538462,4.98,18,NY,NY,11,
2013,R,NY11,una,rugU,T,2013rug1106U2,68.4,1.5,2.5625,42.85714286,1068.8,10,7.8125,5.28,14,NY,NY,11,
2013,R,NY11,a,rugG,T,2013rug1107G,98,2.7,5.1875,87.14285714,1472.6,14,9.459459459,4.7,12,NY,NY,11,
2013,R,NY11,una,rugU,T,2013rug1107U1,83.5,1.98,3.5,75.71428571,954,11,9.166666667,4.82,32,NY,NY,11,
2013,R,NY11,una,rugU,T,2013rug1107U2,70.4,2.39,4.3125,64.28571429,1360.8,12,8.333333333,4.34,17,NY,NY,11,
2013,R,NY11,a,rugG,T,2013rug1108G,61,2.1,3.375,95.71428571,864,14,12.96296296,3.48,18,NY,NY,11,
2013,R,NY11,una,rugU,T,2013rug1108U1,89,2.65,4.375,55.71428571,1017.6,12,9.375,3.36,20,NY,NY,11,
2013,R,NY11,una,rugU,T,2013rug1108U2,88.2,2.16,4.625,68.57142857,1251.2,11,8.088235294,5.28,12,NY,NY,11,
2013,A,NY11,a,altG,T,2013alt1101G,83.6,3.15,1.5,80,1220.4,4,1.851851852,1.55,89,NY,NY,11,
2013,A,NY11,una,altU,T,2013alt1101U1,119,2.66,1.25,150,741,7,4.487179487,1.2,108,NY,NY,11,
2013,A,NY11,una,altU,T,2013alt1101U2,121,3.71,1.625,175.7142857,1163.9,8,3.883495146,3.7,289,NY,NY,11,
2013,A,NY11,a,altG,T,2013alt1102G,120,3.99,1.0625,132.8571429,1610.4,12,4.918032787,2.3,140,NY,NY,11,
2013,A,NY11,una,altU,T,2013alt1102U1,88.3,2.25,0.8125,132.8571429,682.5,0,0,0,27,NY,NY,11,
2013,A,NY11,una,altU,T,2013alt1102U2,102.8,2.52,1.125,107.1428571,697.2,9,5.357142857,1.86,173,NY,NY,11,
2013,A,NY11,a,altG,T,2013alt1103G,160,5.57,1.4375,150,3113.3,12,3.680981595,4.36,64,NY,NY,11,
2013,A,NY11,una,,F,2013alt1103U1,68.7,,,,0,,,,0,NY,NY,11,
2013,A,NY11,una,altU,T,2013alt1103U2,116.8,5.16,1.5625,157.1428571,984,4,2.5,2.125,68,NY,NY,11,
2013,A,NY11,a,altG,T,2013alt1104G,154.5,5.12,1.625,240,1067,6,3.092783505,2.18,181,NY,NY,11,
2013,A,NY11,una,altU,T,2013alt1104U1,154.8,5.09,1.625,218.5714286,1427.8,8,3.389830508,3.72,125,NY,NY,11,
2013,A,NY11,una,altU,T,2013alt1104U2,139.5,5.13,1.3125,120,1398.6,8,3.603603604,2.78,99,NY,NY,11,
2013,A,NY11,a,altG,T,2013alt1105G,126.7,4.59,3,48.57142857,1939.7,7,2.941176471,2.88,89,NY,NY,11,
2013,A,NY11,una,altU,T,2013alt1105U1,101.8,3.42,1.8125,135.7142857,1601.6,7,3.365384615,5.24,132,NY,NY,11,
2013,A,NY11,una,altU,T,2013alt1105U2,112.1,5.8,2.0625,135.7142857,1166,9,4.090909091,2,213,NY,NY,11,
2013,A,NY11,a,altG,T,2013alt1106G,138,4.68,2.25,118.5714286,2739.8,9,3.383458647,8.9,142,NY,NY,11,
2013,A,NY11,una,altU,T,2013alt1106U1,141.2,5.2,1.125,94.28571429,1254.4,8,4.081632653,2.66,126,NY,NY,11,
2013,A,NY11,una,altU,T,2013alt1106U2,151.8,5.71,1.5,122.8571429,1122.7,7,3.398058252,3.64,190,NY,NY,11,
2013,A,NY11,una,altU,T,2013alt1107U1,83.6,3.75,1.4375,130,1155,7,3.333333333,2.52,122,NY,NY,11,
2013,A,NY11,una,altU,T,2013alt1107U2,119.2,3.64,1.125,92.85714286,1127,9,4.591836735,2.88,116,NY,NY,11,
2013,A,NY11,una,altU,T,2013alt1107U3,157.4,6.19,2,388.5714286,2209.8,18,7.086614173,3.92,88,NY,NY,11,
2013,R,NY12,a,rugG,T,2013rug1201G,41.5,1.64,6,70,982.8,9,7.142857143,2.9,6,NY,NY,12,
2013,R,NY12,una,rugU,T,2013rug1201U1,57.8,2.25,3.375,54.28571429,1324.8,4,2.898550725,4.125,9,NY,NY,12,
2013,R,NY12,una,rugU,T,2013rug1201U2,78,2.68,3.875,77.14285714,1443,11,7.432432432,5.12,11,NY,NY,12,
2013,R,NY12,a,rugG,T,2013rug1202G,61.5,3.17,5.625,82.85714286,451,4,4.87804878,3.325,4,NY,NY,12,
2013,R,NY12,una,rugU,T,2013rug1202U1,70.5,3.44,3.3125,42.85714286,769.6,10,9.615384615,2.5,24,NY,NY,12,
2013,R,NY12,una,rugU,T,2013rug1202U2,55.5,1.91,3.625,97.14285714,705.6,10,10.20408163,3.08,11,NY,NY,12,
2013,A,NY12,una,altU,T,2013alt1201U1,79.5,2.7,1.125,144.2857143,689,12,9.230769231,2.32,0,NY,NY,12,
2013,A,NY12,una,altU,T,2013alt1201U2,72.6,2.34,1.4375,252.8571429,881.1,8,4.04040404,5.76,55,NY,NY,12,
2013,A,NY12,una,altU,T,2013alt1201U3,83,2.15,1.125,127.1428571,862.5,11,7.971014493,2.62,0,NY,NY,12,
2013,A,NY12,una,altU,T,2013alt1202U1,72.6,2,1.5,77.14285714,922.2,9,5.172413793,2.68,1,NY,NY,12,
2013,A,NY12,una,altU,T,2013alt1202U2,105.3,2.4,1.75,148.5714286,1294.7,6,2.803738318,3.4,0,NY,NY,12,
2013,A,NY12,una,altU,T,2013alt1202U3,75.1,2.27,1.3125,95.71428571,994.4,6,3.409090909,2.32,19,NY,NY,12,
2013,R,NY13,a,rugG,T,2013rug1301G,107.9,3.77,6.125,74.28571429,986.9,10,7.042253521,6.22,16,NY,NY,13,
2013,R,NY13,una,rugU,T,2013rug1301U1,118.7,3.49,5.25,107.1428571,1552.5,10,6.666666667,7.26,19,NY,NY,13,
2013,R,NY13,una,rugU,T,2013rug1301U2,100.7,2.8,4.25,88.57142857,1361.6,11,7.432432432,8.38,20,NY,NY,13,
2013,R,NY13,a,rugG,T,2013rug1302G,98,4.29,6.9375,41.42857143,1076.4,5,3.623188406,4.58,10,NY,NY,13,
2013,R,NY13,una,rugU,T,2013rug1302U1,139.5,4.51,6.375,45.71428571,1671.7,10,6.849315068,8.86,9,NY,NY,13,
2013,R,NY13,una,rugU,T,2013rug1302U2,116.4,2.81,6.125,62.85714286,1626.8,10,6.024096386,7.18,12,NY,NY,13,
2013,R,NY13,a,rugG,T,2013rug1303G,114,3.1,4.25,82.85714286,1179.2,11,8.208955224,3.56,28,NY,NY,13,
2013,R,NY13,una,rugU,T,2013rug1303U1,114.5,2.92,5.5,60,1762.8,11,7.051282051,4.66,17,NY,NY,13,
2013,R,NY13,una,rugU,T,2013rug1303U2,100.1,2.56,5.125,85.71428571,1492.5,9,6,3.68,19,NY,NY,13,
2013,R,NY13,a,rugG,T,2013rug1304G,106.6,3.19,4.0625,112.8571429,1252.9,13,9.701492537,5.72,22,NY,NY,13,
2013,R,NY13,una,rugU,T,2013rug1304U1,98.6,2.69,5.9375,81.42857143,1412.9,13,9.154929577,3.94,14,NY,NY,13,
2013,R,NY13,una,rugU,T,2013rug1304U2,116.5,2.82,5,68.57142857,1354.2,11,7.432432432,5.66,23,NY,NY,13,
2013,R,NY13,a,rugG,T,2013rug1305G,121.5,4.53,3.25,75.71428571,2256,5,2.604166667,4.58,14,NY,NY,13,
2013,R,NY13,una,rugU,T,2013rug1305U1,89.4,3.09,5.5,50,701.1,3,2.631578947,3.333333333,25,NY,NY,13,
2013,R,NY13,una,rugU,T,2013rug1305U2,110.2,4.74,6.625,112.8571429,1925.1,10,7.246376812,8.98,17,NY,NY,13,
2013,R,NY13,a,rugG,T,2013rug1306G,105,3.06,4.625,122.8571429,2235.6,13,7.065217391,9.54,14,NY,NY,13,
2013,R,NY13,una,rugU,T,2013rug1306U1,90.7,3.02,3.875,127.1428571,1887.9,11,6.32183908,10.66,18,NY,NY,13,
2013,R,NY13,una,rugU,T,2013rug1306U2,111.5,3.33,3.5,94.28571429,1795.2,13,7.386363636,8.86,14,NY,NY,13,
2013,R,NY13,a,rugG,T,2013rug1307G,112.9,4.21,4.75,92.85714286,3460.6,18,7.438016529,4.44,10,NY,NY,13,
2013,R,NY13,una,rugU,T,2013rug1307U1,113.8,5.25,5.1875,65.71428571,857.6,4,3.125,1.65,2,NY,NY,13,
2013,R,NY13,una,rugU,T,2013rug1307U2,91.2,2.39,2.75,68.57142857,2190.2,7,3.723404255,4.78,9,NY,NY,13,
2013,R,NY13,a,rugG,T,2013rug1308G,97.5,2.52,5,118.5714286,1414.1,8,5.063291139,6.46,18,NY,NY,13,
2013,R,NY13,una,rugU,T,2013rug1308U1,118.1,2.71,6,65.71428571,2001,13,7.471264368,6.32,20,NY,NY,13,
2013,R,NY13,una,rugU,T,2013rug1308U2,90.9,2.86,3.6875,70,1337.6,9,5.921052632,5.34,20,NY,NY,13,
2013,R,NY13,a,rugG,T,2013rug1309G,101.9,3.04,4.5,42.85714286,1216.6,11,6.962025316,4.68,11,NY,NY,13,
2013,R,NY13,una,rugU,T,2013rug1309U1,111,3.8,5.875,42.85714286,1661.7,9,5.172413793,5.38,6,NY,NY,13,
2013,R,NY13,una,rugU,T,2013rug1309U2,106,3.06,6,67.14285714,1591,12,6.976744186,5.16,17,NY,NY,13,
2013,R,NY13,a,rugG,T,2013rug1310G,72.3,2.04,4.6875,110,864.3,11,8.208955224,9,30,NY,NY,13,
2013,R,NY13,una,rugU,T,2013rug1310U1,56,1.76,5.375,57.14285714,976.8,9,6.818181818,5.44,34,NY,NY,13,
2013,R,NY13,una,rugU,T,2013rug1310U2,70,2.52,5.375,101.4285714,881.6,6,5.172413793,7.84,19,NY,NY,13,
2013,R,NY14,a,rugG,T,2013rug1401G,101,2.55,4,34.28571429,2379,14,8.974358974,5.88,3,NY,NY,14,
2013,R,NY14,una,rugU,T,2013rug1401U1,65,2.08,4.5,81.42857143,983.4,8,6.060606061,3.06,17,NY,NY,14,
2013,R,NY14,una,rugU,T,2013rug1401U2,69.1,1.86,4.5,35.71428571,1842.6,12,7.228915663,3.96,3,NY,NY,14,
2013,R,NY14,a,rugG,T,2013rug1402G,72.3,2.1,3.875,31.42857143,1123.2,21,13.46153846,6.86,18,NY,NY,14,
2013,R,NY14,una,rugU,T,2013rug1402U1,123.4,3.28,2.25,105.7142857,2202.2,13,7.142857143,10.82,8,NY,NY,14,
2013,R,NY14,una,rugU,T,2013rug1402U2,56.7,2.03,4.25,47.14285714,1135.6,14,10.29411765,6.34,23,NY,NY,14,
2013,R,NY14,a,rugG,T,2013rug1403G,127.3,3.73,3.125,118.5714286,1709.8,16,9.638554217,6.52,18,NY,NY,14,
2013,R,NY14,una,rugU,T,2013rug1403U1,117.1,3.05,5.25,80,1786.4,17,9.659090909,5.68,20,NY,NY,14,
2013,R,NY14,una,rugU,T,2013rug1403U2,121.6,3.27,3.875,111.4285714,1485.7,18,10.84337349,4.3,15,NY,NY,14,
2013,A,NY14,a,altG,T,2013alt1401G,100,5.01,1.875,84.28571429,1462.8,8,3.773584906,2.62,83,NY,NY,14,
2013,A,NY14,una,altU,T,2013alt1401U1,119.7,3.97,2.125,164.2857143,1131.2,8,3.96039604,3.52,40,NY,NY,14,
2013,A,NY14,una,altU,T,2013alt1401U2,100.2,2.77,1.125,154.2857143,554.4,5,3.968253968,2.14,17,NY,NY,14,
2013,A,NY14,a,altG,T,2013alt1402G,124.4,5.1,2.5,120,996,5,3.012048193,2.82,181,NY,NY,14,
2013,A,NY14,una,,F,2013alt1402U1,129.4,,,,,,,,,NY,NY,14,
2013,A,NY14,una,altU,T,2013alt1402U2,129.8,5.44,1.9375,147.1428571,1117.6,12,6.818181818,3.62,174,NY,NY,14,
